Date,DJ_a,DJ_b,URTH_a,URTH_b,QQQ_a,QQQ_b,High,Low,Close,Vol,IVV_a,IVV_b,next_high,next_low,isHigh,isLow
2020-02-20,0.13758829404032266,292.0519573594113,0.05487113843631044,100.76339965700487,0.42679685627690345,228.31528454756398,337.32000732421875,298.7099914550781,338.489990234375,0.013991435810651046,0.3987406053033887,333.7102411436443,341.87489013671876,335.10509033203124,0,1
2020-02-21,0.11326022332954568,292.2770772475482,0.06371521604530897,100.7776639735619,0.4285783763662933,228.70961559608196,327.2799987792969,286.7099914550781,335.010009765625,0.01775396123662834,0.36430274732921336,334.2053135262651,338.36010986328125,331.65990966796875,0,1
2020-02-24,0.10334142016205891,292.33562480613824,0.0688571705045442,100.80099167197845,0.394479968354654,229.20446437473353,326.05999755859375,286.7099914550781,323.8299865722656,0.03823007494369892,0.3335500585184753,334.5940647002808,327.06828643798826,320.591686706543,0,1
2020-02-25,-0.0488089043374337,292.8694348488231,0.02326826697898671,100.97769788795766,0.22494671080218057,230.09842267233267,319.5,286.7099914550781,314.1199951171875,0.04492709551294354,0.18281117963221669,335.3949190442013,317.26119506835937,310.97879516601563,1,1
2020-02-26,-0.36898831765262924,293.8277753268508,-0.030571749307053118,101.16778039490113,-0.05650935791121394,231.2413235151307,315.1499938964844,286.7099914550781,312.9100036621094,0.04406203200008575,-0.12566492007561564,336.60755522420214,316.03910369873046,309.7809036254883,0,1
2020-02-27,-0.7367922530647025,294.77509161350224,-0.13153299893513581,101.4624746985723,-0.3529051421514332,232.24492332954068,315.1499938964844,286.7099914550781,298.7099914550781,0.05583218109401823,-0.4948026401156478,337.78534745999036,301.69709136962894,295.7228915405273,1,1
2020-02-28,-1.205242002998199,295.72580628279786,-0.3892390864979904,102.13100341404427,-0.7271473474595985,233.2563541346287,315.1499938964844,291.4200134277344,295.9100036621094,0.05455914470395756,-0.9307622754157948,338.88055873676376,298.8691036987305,292.95090362548825,1,1
2020-03-02,-1.8402791190827008,296.8042132770557,-0.6676494785088951,102.73483124169866,-1.1769149673290658,234.2337211598947,315.1499938964844,274.57998657226557,310.3999938964844,0.08162552321503279,-1.525432655890623,340.08017362148604,313.5039938354492,307.29599395751956,1,1
2020-03-03,-2.314356212493944,297.0339983532913,-0.8753559403980259,102.97821169837204,-1.5206594875833965,234.61198004191763,314.75,274.57998657226557,301.5,0.08362623437377306,-1.9975299984072927,340.54794061612546,304.515,298.485,1,1
2020-03-04,-2.6288188482034864,296.4219499811071,-0.995534498678342,102.80592899911912,-1.7485810965270054,234.35155142371406,309.80999755859375,271.989990234375,314.75,0.09918794206108777,-2.33677045804899,340.27391265166244,317.8975,311.6025,0,1
2020-03-05,-2.706197156595389,294.7155966787162,-1.0220085909395764,102.19963716109754,-1.8004510362302732,233.23757161540775,300.0400085449219,248.55999755859372,303.760009765625,0.10284217424206957,-2.4662483611881942,339.0040507081237,306.79760986328125,300.72240966796875,0,1
2020-03-06,-2.5685273810719913,291.99987099735296,-0.9615629307642872,101.19844216057245,-1.6857631174746792,231.30330619245112,289.739990234375,248.55999755859372,298.70001220703125,0.10301085450719435,-2.3974511654469617,336.77946050259163,301.68701232910155,295.71301208496095,0,1
2020-03-09,-2.247054701194465,288.4004012870751,-0.8219526542762432,99.82815690947582,-1.4554619486777551,228.7964437547449,289.739990234375,235.0,274.79998779296875,0.12460488186872798,-2.1732833992223535,333.7423379354375,277.54798767089846,272.05198791503904,1,1
2020-03-10,-1.9299694411535064,284.79328490664335,-0.6667028035185582,98.4255063417757,-1.2685397608643851,226.5079996129764,283.0299987792969,235.0,289.54998779296875,0.14068314888026198,-1.9687985728838604,330.6275354623142,292.44548767089844,286.65448791503906,0,1
2020-03-11,-1.6541844536048127,281.5586750848241,-0.46013136707694396,96.7800281525601,-1.1042690222434137,224.44571841005316,272.07000732421875,228.77999877929688,275.47000122070307,0.14652254245517785,-1.8006601605547365,327.7481852143574,278.2247012329101,272.71530120849604,0,1
2020-03-12,-1.358716450226319,278.2984953954156,-0.2543994460837297,95.20699459551813,-0.9254712899654036,222.3579774142229,272.07000732421875,228.77999877929688,248.9600067138672,0.16901281264102394,-1.6247618963714108,324.90286514819866,251.44960678100585,246.47040664672852,1,1
2020-03-13,-1.366508204147475,276.30919695284217,-0.31753529714685996,94.93513771818772,-0.9140295286349445,221.06605044327603,257.82000732421875,228.77999877929688,271.54998779296875,0.19928947534075994,-1.702597339315973,322.9761389910972,274.26548767089844,268.83448791503906,0,1
2020-03-16,-1.6687459327569203,275.97798181296577,-0.4608672256389892,95.09364313649654,-1.0624914316164595,220.6698464756907,257.0,220.27999877929688,240.1199951171875,0.21791287093314737,-2.086125389888298,322.58745004961884,242.5211950683594,237.7187951660156,1,1
2020-03-17,-2.0182775059984905,275.6492646833102,-0.6053095636704097,95.2132788742137,-1.2248782704521655,220.2615839445347,248.25,220.27999877929688,255.38999938964844,0.23458704340957848,-2.5138777396500362,322.17049030624486,257.94389938354493,252.83609939575194,0,1
2020-03-18,-2.413415169493982,275.30099923811525,-0.7345574840388782,95.1943229152535,-1.3961920003150596,219.81495164082824,257.20001220703125,220.27999877929688,241.1699981689453,0.22760807966325647,-2.907617351034684,321.4429234537705,243.58169815063476,238.75829818725586,1,1
2020-03-19,-2.7391272309504613,274.34440765783995,-0.8256069188261671,94.94179710485325,-1.519497509630375,219.00771035588255,263.6300048828125,220.27999877929688,242.05999755859372,0.22927510497275153,-3.2337919486250932,320.05876933106254,244.48059753417965,239.6393975830078,1,1
2020-03-20,-2.9567338427683585,272.6744729115214,-0.8689812867364518,94.42142501602945,-1.5768880071920477,217.80257126438062,263.6300048828125,220.27999877929688,231.16000366210938,0.23030396835019523,-3.3998262100011365,317.738352061496,233.47160369873046,228.8484036254883,1,1
2020-03-23,-3.044522774163907,270.26772290793275,-0.8634586110009885,93.64426010529228,-1.5816669321175856,216.29909459869026,263.6300048828125,235.97000122070312,224.6499938964844,0.22137776816676147,-3.3804864663096517,314.521188676618,226.89649383544926,222.40349395751954,1,0
2020-03-24,-3.131500192210977,267.7561164235067,-0.914570571436719,92.94070520821028,-1.5979867232984002,214.86544493080612,264.10000610351557,240.4900054931641,245.8800048828125,0.23784973235366255,-3.321277641586548,311.1921543156442,248.33880493164062,243.42120483398438,1,1
2020-03-25,-3.0666582089110905,264.526625038708,-0.9156865498573176,91.97325149486862,-1.530679761724096,213.08519219515517,264.10000610351557,244.6199951171875,247.47000122070312,0.2356919009192029,-3.1048672805278836,307.2297981975031,249.94470123291015,244.9953012084961,1,1
2020-03-26,-2.8268014156014254,260.5075318643849,-0.8423849872319181,90.66794870359011,-1.3774644137161138,210.96614588254081,264.10000610351557,244.6199951171875,262.3699951171875,0.22123122941782386,-2.6948863354776518,302.4603598082781,264.9936950683594,259.7462951660156,0,1
2020-03-27,-2.60208510031319,256.9751602321347,-0.8169966160905476,89.79884973239217,-1.2281082495398177,209.0794671397912,264.10000610351557,244.6199951171875,254.2400054931641,0.20368141574725085,-2.3365562604590147,298.3731458671907,256.7824055480957,251.69760543823244,1,1
2020-03-30,-2.277963418126156,253.20003475963122,-0.7670789955863381,88.8822493929364,-1.0510555515934124,207.2025326280569,267.8099975585937,244.6199951171875,262.3599853515625,0.15931905264581453,-1.9689969726033796,294.5793003391239,264.9835852050781,259.7363854980469,1,1
2020-03-31,-1.9073217352557366,249.505670359217,-0.6894705233055145,87.90179433113627,-0.856890847611685,205.3932839097515,276.0,244.6199951171875,258.39999389648443,0.14924033530363667,-1.6146269250490692,291.173876722975,260.98399383544927,255.8159939575196,1,1
2020-04-01,-1.5442943174097226,246.16219935344384,-0.5950089979578123,86.91194810465467,-0.6670635662396946,203.7531831869506,276.25,245.44000244140625,246.8000030517578,0.1446581473666421,-1.2590401372728437,288.01343194373544,249.26800308227538,244.33200302124024,1,0
2020-04-02,-1.2180559974342695,243.24378509335057,-0.48663573460707565,85.89831199837447,-0.5038963605833721,202.36878583277107,282.07000732421875,246.0,252.58999633789062,0.14617145765780326,-1.02463755551792,285.69185069178235,255.11589630126954,250.0640963745117,1,1
2020-04-03,-0.9288181510822748,240.71911912109553,-0.35960309223413567,84.84295514139718,-0.36596393130623656,201.21283981478672,282.07000732421875,257.54000854492193,249.0200042724609,0.1371803140718171,-0.8423782750415237,283.83153744111814,251.51020431518552,246.5298042297363,1,0
2020-04-06,-0.6746190897997135,238.55334975277577,-0.231696069222396,83.79206768234637,-0.2658337320532754,200.3427710780526,285.79998779296875,265.70001220703125,265.79998779296875,0.14180481654527283,-0.6805116383966687,282.2127571127208,268.45798767089843,263.14198791503907,1,0
2020-04-07,-0.5332881376682732,237.20630807695383,-0.19890007827869083,83.38171962724932,-0.22019740522420667,199.86297468694872,285.79998779296875,266.39999389648443,265.91000366210943,0.11623563317101679,-0.5872014968486149,281.11887516441595,268.56910369873054,263.2509036254883,1,0
2020-04-08,-0.4331931707593672,236.22040217994928,-0.18371707496590106,83.1233103627506,-0.18449495785372533,199.4939552720951,285.79998779296875,272.29000854492193,275.0,0.1190173733499062,-0.5121841111365988,280.22582441028,277.75,272.25,1,0
2020-04-09,-0.3690601484298023,235.5458492520665,-0.17058982569396977,82.91144554031145,-0.15631645177629536,199.21108879577136,288.2200012207031,272.29000854492193,279.1199951171875,0.10688050107763736,-0.441516453618113,279.4519640855902,281.9111950683594,276.3287951660156,1,1
2020-04-13,-0.3028276620757156,234.94935343574846,-0.1472731702027299,82.6734462717938,-0.12461811590772805,198.94613510218068,288.2200012207031,276.3099975585937,276.44000244140625,0.10036349311930105,-0.3700019049460443,278.7693814993637,279.2044024658203,273.6756024169922,1,0
2020-04-14,-0.23783842330628144,234.4178324128698,-0.12141153557652686,82.44500912084939,-0.09215825615309352,198.70685866417745,288.2200012207031,272.92001342773443,284.8299865722656,0.09998126152934676,-0.2921901465049384,278.11353328510137,287.6782864379883,281.981686706543,1,1
2020-04-15,-0.16194425806360993,233.87904548277422,-0.0880602644490534,82.20044718730738,-0.04621270714758493,198.4427364412483,288.2200012207031,272.92001342773443,278.57000732421875,0.10203236709391987,-0.19983245296212587,277.4484643207534,281.35570739746095,275.78430725097655,1,1
2020-04-16,-0.0837390315836868,233.3675558818847,-0.051593732640910064,81.95474153141895,0.004604024903421144,198.18583801215993,288.2200012207031,272.92001342773443,280.04998779296875,0.08336991318216636,-0.10401130903323083,276.8127734950255,282.8504876708984,277.2494879150391,1,1
2020-04-17,-0.02400418587925463,233.00010055689086,-0.02043984011856001,81.75762959906095,0.054789956838647486,197.98197033737313,287.2099914550781,272.92001342773443,287.5799865722656,0.08390538645810312,-0.044461542562197406,276.4385036658134,290.4557864379883,284.70418670654294,0,1
2020-04-20,0.020076775483168132,232.76485411177438,0.012530862555509736,81.5740598676974,0.10163975329740933,197.84219440587637,289.20001220703125,272.92001342773443,282.4599914550781,0.08532016826641073,0.0062774397339725625,276.1642245253045,285.2845913696289,279.63539154052734,1,1
2020-04-21,0.046114316787659024,232.65962614910845,0.02224498984289698,81.54030148120786,0.1339025616549522,197.80386083881095,292.3599853515625,277.79998779296875,273.8599853515625,0.07267597471557036,0.04134456018818762,276.00700789244456,276.5985852050781,271.1213854980469,1,0
2020-04-22,0.052747466301406636,232.66291208877385,0.024656775594584186,81.54845120065819,0.15603954329016936,197.83211432070757,295.8399963378906,279.3900146484375,280.0599975585937,0.07509296178533259,0.05752437788812931,275.9593549825662,282.86059753417965,277.25939758300774,1,0
2020-04-23,0.05055042182142312,232.71612926410154,0.02436401424716811,81.56988728897564,0.16942714817468396,197.91055446780274,295.8399963378906,279.3900146484375,279.98001098632807,0.06816551506169388,0.06159377879522687,275.98804806319555,282.77981109619134,277.1802108764648,1,0
2020-04-24,0.044843136182914016,232.79050971852553,0.021849806063231846,81.60214720527182,0.1744489188693875,198.03830165529703,295.8399963378906,282.44000244140625,283.8999938964844,0.06796600448756257,0.06062441162218978,276.05028265238866,286.7389938354492,281.06099395751954,1,0
2020-04-27,0.04227442698710526,232.84231076244333,0.02171163153066118,81.62389930480397,0.1712288222704677,198.20841241478686,295.8399963378906,280.10000610351557,288.19000244140625,0.06786304987555222,0.06052231137278266,276.1065941593752,291.0719024658203,285.3081024169922,1,1
2020-04-28,0.03920328348331909,232.900419917102,0.022604862523357982,81.64681847289901,0.1599074381177922,198.4249213439769,295.8399963378906,280.10000610351557,286.6400146484375,0.06190735675085465,0.05890421352371401,276.1806754832689,289.50641479492185,283.77361450195315,1,1
2020-04-29,0.04105505768000851,232.93728092975587,0.023937337805028075,81.66423894565312,0.15133040268947506,198.62308841910726,293.17999267578125,280.10000610351557,294.1300048828125,0.0608218393356407,0.06511165660037967,276.2212650206862,297.0713049316406,291.1887048339844,0,1
2020-04-30,0.0467366995546494,232.9674971511753,0.024432472616181374,81.68864448086931,0.14456572070128956,198.82007983205986,290.70001220703125,280.10000610351557,291.1600036621094,0.06279022213124591,0.07604259137507782,276.2586160801346,294.0716036987305,288.24840362548827,0,1
2020-05-01,0.05278476076072672,233.00399930765525,0.02842594072322689,81.70734146543691,0.1442130453334168,198.98306605714205,293.8699951171875,280.10000610351557,283.5299987792969,0.06395108218145018,0.09361283705566475,276.2894125147793,286.3652987670898,280.6946987915039,1,1
2020-05-04,0.06094522527937615,233.0241564542333,0.035720272640906645,81.70815840574956,0.15031695625641153,199.10594984092268,294.989990234375,285.05999755859375,284.6300048828125,0.0613488197762278,0.11207187049565649,276.30827562877744,287.47630493164064,281.78370483398436,1,0
2020-05-05,0.06886949283728558,233.03918625144692,0.042378966885196045,81.71341428968596,0.15367699137032637,199.23675970093507,295.1700134277344,285.05999755859375,287.1400146484375,0.05044225872841874,0.12603748650999477,276.34383455221507,290.0114147949219,284.2686145019531,1,0
2020-05-06,0.07067703361093418,233.0888087632613,0.04968871393324564,81.72487792386582,0.15704651424496194,199.3691008069248,295.1700134277344,279.8699951171875,285.25,0.04740994704086265,0.13233226545228433,276.42618221913597,288.1025,282.3975,1,1
2020-05-07,0.06804456467780101,233.159470398398,0.054326881509177326,81.75269460687453,0.15874992888549103,199.51307083128376,295.1700134277344,275.0,288.6300048828125,0.04833614642938322,0.13098771018201652,276.54340337923736,291.5163049316406,285.7437048339844,1,1
2020-05-08,0.0633935723286053,233.23883142330462,0.054729729783170374,81.80121580059249,0.1609760854296228,199.65961017217398,295.1700134277344,275.0,293.4599914550781,0.04907748685067182,0.12436257799978835,276.68492081693006,296.3945913696289,290.5253915405273,0,1
2020-05-11,0.057429385940242016,233.32843821575096,0.056972090349571604,81.8467809422395,0.16075067424248923,199.8227301079993,297.70001220703125,275.0,293.45001220703125,0.04737293978186533,0.11351699457989041,276.850534802282,296.38451232910154,290.51551208496096,1,1
2020-05-12,0.05032446710807653,233.42206736676988,0.05987558790300623,81.88926531650569,0.16128864896855014,199.98795608508084,297.70001220703125,275.0,287.4700012207031,0.05213732408410099,0.10356973151397005,277.0166978737784,290.34470123291015,284.5953012084961,1,1
2020-05-13,0.04599166868534136,233.5020323087621,0.05767956438732128,81.95520600663026,0.16315662328746441,200.1523911415303,298.8699951171875,275.0,282.5400085449219,0.04618264611602065,0.09324805443670844,277.1795399335712,285.3654086303711,279.71460845947263,1,1
2020-05-14,0.043200556782574895,233.56131588024962,0.051506431189781335,82.03660929252156,0.17283169551376384,200.2871026043679,298.8699951171875,282.25,285.9200134277344,0.048150307703200126,0.08659547148188544,277.3125550500325,288.7792135620117,283.06081329345704,1,1
2020-05-15,0.04157130807057139,233.60511792262815,0.04645033236170049,82.10235439219181,0.1846107498535544,200.41334372794,298.8699951171875,292.9200134277344,287.1600036621094,0.03967874184289624,0.08849826341305068,277.38575392318774,290.03160369873046,284.2884036254883,1,0
2020-05-18,0.0393716083557048,233.64887233132836,0.03947714791082502,82.17226434275523,0.19765226771376185,200.54185022917648,303.20001220703125,292.9200134277344,296.0400085449219,0.0493420929214674,0.08975218943693267,277.46250580857003,299.0004086303711,293.07960845947264,1,1
2020-05-19,0.04061810259080075,233.68631943266863,0.0317725911562439,82.24444707276938,0.2071637702549846,200.69839153372976,304.6099853515625,294.2099914550781,292.989990234375,0.050937324785591355,0.0927538998906853,277.5428017379487,295.9198901367188,290.0600903320312,1,0
2020-05-20,0.04342348335702496,233.7204893649816,0.027278452227512563,82.29621643251893,0.21334111383383428,200.87375239529035,307.9100036621094,294.2099914550781,297.989990234375,0.05193622328606849,0.09816057121302901,277.61472865281934,300.96989013671873,295.01009033203127,1,1
2020-05-21,0.0461562477600029,233.75926246148907,0.024686069611430318,82.33967190714486,0.21733032351795303,201.06532105155583,307.9100036621094,294.2099914550781,295.80999755859375,0.05242270983919546,0.10134873191845711,277.7027663915978,298.7680975341797,292.8518975830078,1,0
2020-05-22,0.04915122589858719,233.79978513034135,0.0213151817224034,82.3872016277911,0.22135099372559172,201.2626953655056,307.9100036621094,297.9100036621094,296.4100036621094,0.05002651775903652,0.10236453844112901,277.803673366399,299.3741036987305,293.44590362548826,1,0
2020-05-26,0.052894829780790124,233.83443417342482,0.021384098341010398,82.41168766862491,0.2187139458655226,201.4886277604213,309.2300109863281,297.9100036621094,300.1700134277344,0.051316248862281734,0.10264033604771025,277.9066687294206,303.17171356201175,297.168313293457,1,0
2020-05-27,0.06141396194991593,233.85729258671032,0.023183060587621446,82.4236196103272,0.2133857001900706,201.7251111566263,314.32000732421875,300.5799865722656,304.54998779296875,0.045632786654515194,0.11310899360394988,277.97243047631264,307.5954876708984,301.5044879150391,1,1
2020-05-28,0.07784613496533138,233.85531859505178,0.02423098344801979,82.43838801630719,0.2112581898539254,201.954241370644,314.32000732421875,300.5799865722656,303.95001220703125,0.03913459287654671,0.12841496938009275,278.0302019401602,306.98951232910156,300.91051208496094,1,1
2020-05-29,0.09533892380874542,233.86704414350487,0.026099542801933218,82.45310712882267,0.21295882448210465,202.16262120043285,322.45001220703125,304.1000061035156,305.17999267578125,0.03889896227409869,0.1450657907254712,278.0962142434185,308.2317926025391,302.1281927490234,1,0
2020-06-01,0.11101018805214558,233.9037440809196,0.02601188034532096,82.47721201797279,0.21722342027017952,202.36748354578975,324.54998779296875,306.1700134277344,306.67999267578125,0.03886717527504937,0.1617382561353166,278.18095204541436,309.7467926025391,303.6131927490234,1,0
2020-06-02,0.11868214190133008,233.98173930642133,0.02461996231848149,82.50947823281933,0.21798748498975135,202.57961070399028,324.54998779296875,310.1700134277344,309.2300109863281,0.02873520388517466,0.17736313962052327,278.28623305858406,312.3223110961914,306.13771087646484,1,0
2020-06-03,0.12663185017785816,234.05891141966583,0.02352243643927585,82.5407609491021,0.21831985141303864,202.79081599211756,324.54998779296875,310.1700134277344,313.3900146484375,0.02475242971743319,0.18918991957576564,278.4052044163221,316.5239147949219,310.2561145019531,1,1
2020-06-04,0.1392113085120581,234.13184212147064,0.022156603638018087,82.57168390015697,0.21831449498819055,203.0073391085646,324.54998779296875,301.0799865722656,312.3399963378906,0.023762754652822723,0.20069780339684118,278.5350381886947,315.46339630126954,309.2165963745117,1,1
2020-06-05,0.15090521829083045,234.22042829841556,0.02154506981053817,82.59530636033544,0.21922908122488866,203.22061030069628,324.54998779296875,299.6199951171875,320.4800109863281,0.02780407602139211,0.2143359427304524,278.6747387536146,323.6848110961914,317.2752108764648,1,1
2020-06-08,0.17634308468718268,234.2883333762596,0.022740939692233536,82.6124119941776,0.2264941947742071,203.4113684012861,323.55999755859375,296.489990234375,324.3999938964844,0.027221050988936644,0.2314889308129544,278.8271985262869,327.64399383544924,321.1559939575195,0,1
2020-06-09,0.19947264682082747,234.392610753991,0.026654596194852723,82.62301531111525,0.2288153009129778,203.63100363999277,323.55999755859375,296.489990234375,322.010009765625,0.031333474727114785,0.23888445137702027,279.03614582876605,325.23010986328126,318.78990966796874,0,1
2020-06-10,0.22257875695091092,234.5111998208875,0.03011387006474482,82.6382469028693,0.2288427624339754,203.86715383270283,315.5,296.489990234375,320.1099853515625,0.03255353276418715,0.2455795554000298,279.2483856204971,323.31108520507814,316.90888549804686,0,1
2020-06-11,0.25155075144061817,234.62232873698042,0.03451414236516998,82.6554035651584,0.24262276435400953,204.05742740984266,315.5,296.489990234375,301.5899963378906,0.07260085371753083,0.255402573205366,279.45535366645885,304.6058963012695,298.5740963745117,1,1
2020-06-12,0.2866489361450744,234.7302732150447,0.04025261276484442,82.66691701886236,0.2639132372414376,204.23223428611627,315.6000061035156,296.489990234375,305.3599853515625,0.0736949837573492,0.26254457451458185,279.67720858989975,308.4135852050781,302.3063854980469,1,1
2020-06-15,0.3165364553079907,234.87393377533036,0.045436121155861486,82.685942035512,0.29208066016346224,204.38632857668665,315.6000061035156,307.510009765625,306.8900146484375,0.0737019809793517,0.2680713549125778,279.9054481986228,309.9589147949219,303.8211145019531,1,0
2020-06-16,0.32874470293236163,235.11091393272747,0.05138840151490542,82.70664889109152,0.30923331486160766,204.59920796517335,315.75,307.95001220703125,312.7900085449219,0.07579052178855665,0.26835161180683587,280.15099604029626,315.9179086303711,309.6621084594727,0,1
2020-06-17,0.33300177884099286,235.40793265363237,0.05546187735924714,82.73618452197655,0.3208939449666124,204.84758102243512,315.75,303.3599853515625,311.3800048828125,0.07468887721298924,0.25794596180865476,280.45198552928434,314.4938049316406,308.2662048339844,1,1
2020-06-18,0.3225422950339683,235.76059015000564,0.05632051634073908,82.78148310883789,0.32370758901641866,205.13511087671776,315.75,302.44000244140625,311.6199951171875,0.07463632557317171,0.23875773606347506,280.78367355101926,314.7361950683594,308.5037951660156,1,1
2020-06-19,0.29358346795121415,236.18906134933457,0.0530289309249534,82.84665931465074,0.31598441955244133,205.46656550389847,315.75,300.6199951171875,309.7200012207031,0.06890347274648076,0.21811582785641573,281.1057171627395,312.8172012329102,306.62280120849607,1,1
2020-06-22,0.2710332816901026,236.5598079916239,0.04744491155689411,82.91921350787719,0.3097514611137693,205.79261693202483,315.75,300.1099853515625,311.94000244140625,0.06781804249016024,0.20301931156094946,281.3778435474766,315.0594024658203,308.8206024169922,1,1
2020-06-23,0.24099645688513047,236.94230160753597,0.04404160926643378,82.97951130939555,0.2905482229706585,206.17078465902878,311.7300109863281,300.1099853515625,313.2099914550781,0.06813229234983095,0.18568961270261206,281.652782609389,316.3420913696289,310.07789154052733,0,1
2020-06-24,0.2056199067893939,237.33037385148265,0.03914468751803618,83.04519371511319,0.26496635988159345,206.5763022668657,313.0899963378906,300.1099853515625,305.29998779296875,0.07187534874406516,0.16828734222674105,281.9189670460599,308.3529876708984,302.2469879150391,1,1
2020-06-25,0.17551280099654143,237.67189821097392,0.03439348933186853,83.10408910189402,0.24906026088179115,206.92326517198674,316.9100036621094,300.1099853515625,308.5,0.039151405267803654,0.1572883505912945,282.1394716072916,311.585,305.415,1,1
2020-06-26,0.1546139028274097,237.93995393329038,0.03008973710786327,83.15899890327458,0.2396621454848514,207.22183416231834,318.6499938964844,300.1099853515625,301.1400146484375,0.04521832771491991,0.15188696054598713,282.3287010511769,304.1514147949219,298.1286145019531,1,0
2020-06-29,0.1374412397227059,238.17221478031826,0.026320706159500357,83.20697311368787,0.2407306446496493,207.46419069981968,318.75,305.04998779296875,305.6600036621094,0.04778367748440957,0.1486858760426475,282.4963109648097,308.71660369873047,302.6034036254883,1,0
2020-06-30,0.11983100247266194,238.3938619679996,0.028754444257394464,83.22819397946157,0.23781746725634673,207.7186064643363,318.75,310.25,309.69000244140625,0.04540668633419198,0.14401851219663755,282.6629498249674,312.78690246582033,306.59310241699217,1,0
2020-07-01,0.1141071516951954,238.53551443968215,0.03178340142240921,83.24741045101716,0.23884518181533199,207.94857135363105,318.75,311.8900146484375,311.80999755859375,0.045843342132536845,0.14397816417235226,282.80536833012786,314.9280975341797,308.6918975830078,1,0
2020-07-02,0.10870777916425539,238.67171336631407,0.033983291403943086,83.26980973844378,0.23889767566357878,208.18343280221725,319.1400146484375,311.8900146484375,313.45001220703125,0.046129507445636,0.14291335049734272,282.9525311758233,316.5845123291016,310.3155120849609,1,0
2020-07-06,0.10317792720769742,238.8082191031574,0.03581243952701777,83.29559029992463,0.2356633108842685,208.43617809901306,323.9700012207031,311.8900146484375,318.260009765625,0.04759896981090228,0.14114067491972404,283.1011474209477,321.44260986328123,315.07740966796877,1,1
2020-07-07,0.10219208206285692,238.91471078676642,0.03573146765391506,83.3306243027826,0.23928566800773537,208.65331234221472,323.9700012207031,311.8900146484375,314.9800109863281,0.048989596706385474,0.14129030872340304,283.2453110622911,318.1298110961914,311.83021087646483,1,0
2020-07-08,0.0990326073152272,239.03038443673066,0.03696744274842102,83.35829978354752,0.24048059664907637,208.89398891059642,324.32000732421875,311.8900146484375,317.3299865722656,0.049340674741953444,0.13950449445135774,283.39438483898374,320.50328643798827,314.156686706543,1,1
2020-07-09,0.09478527003918201,239.1488827400408,0.040999947472867136,83.38027975118698,0.2402333477568007,209.14170481252174,324.32000732421875,313.239990234375,315.7200012207031,0.04037440414596504,0.13794892309056678,283.5416507451632,318.8772012329102,312.56280120849607,1,0
2020-07-10,0.09378909177944307,239.2481844458766,0.0422578809061723,83.41610295508029,0.2469489278900261,209.36173199437138,324.32000732421875,313.239990234375,318.8999938964844,0.04029751959944784,0.13578174265161078,283.68884154859734,322.08899383544923,315.7109939575195,1,1
2020-07-13,0.09297471847270998,239.34455315475384,0.041081636667790855,83.46088927995368,0.252974979452641,209.5894345646926,326.3599853515625,313.239990234375,316.07000732421875,0.030435525948131353,0.13496154991414505,283.82215631494233,319.23070739746095,312.90930725097655,1,0
2020-07-14,0.09595791753468343,239.42915042740395,0.039517942259099895,83.51214219587058,0.27558092923594335,209.764549082278,328.2200012207031,320.3500061035156,320.1700134277344,0.02975628669021303,0.137250115515916,283.94962506879364,323.37171356201173,316.968313293457,1,0
2020-07-15,0.10643856118070164,239.49727737640202,0.0436798418086461,83.53827235832622,0.30509312748438455,209.9423016230009,330.05999755859375,320.3500061035156,323.1600036621094,0.02878191143418419,0.14434938022493224,284.07277424238384,326.3916036987305,319.9284036254883,1,0
2020-07-16,0.12027954055242465,239.5610231878533,0.04701935001416739,83.56749955596572,0.3348205276033112,210.1358539244888,330.05999755859375,321.010009765625,322.0400085449219,0.02959218226235694,0.15280881857331194,284.1900697467798,325.2604086303711,318.81960845947265,1,0
2020-07-17,0.13021093641926054,239.6417327311137,0.05294135367296487,83.59456497362547,0.35823592573058277,210.36801316563552,330.05999755859375,320.54998779296875,322.989990234375,0.02950719576744657,0.1568287491414298,284.3238349455774,326.21989013671873,319.76009033203127,1,0
2020-07-20,0.1388408055311207,239.72949466556537,0.0613848495355265,83.61825154892227,0.36914680615031303,210.65852579430737,330.05999755859375,320.54998779296875,325.6600036621094,0.02700869979697724,0.15612883773429453,284.4757084892254,328.91660369873046,322.4034036254883,1,1
2020-07-21,0.14611278138756884,239.8275665399023,0.0648467242666931,83.66406924966792,0.3739413395353981,210.98112866112663,330.05999755859375,320.54998779296875,326.25,0.02313549200968567,0.15510237148613587,284.62159458989447,329.5125,322.9875,1,1
2020-07-22,0.14936692437873825,239.94745693458486,0.06474216501378924,83.72467280307946,0.3742800945217542,211.32925044105707,328.5199890136719,320.54998779296875,328.1700134277344,0.022892682725836402,0.15204499400823165,284.7802951318808,331.4517135620117,324.88831329345703,0,1
2020-07-23,0.14591794072760966,240.0970983102198,0.06480443984582471,83.77726157948344,0.36038484185386016,211.74032245344773,327.0199890136719,320.54998779296875,324.20001220703125,0.02659381333255649,0.14895682051061387,284.94046668605716,327.44201232910154,320.95801208496096,0,1
2020-07-24,0.13834056367432568,240.26508844652886,0.060653062684108916,83.847345833973,0.34489356963422757,212.16108489487638,327.8900146484375,320.8999938964844,322.1300048828125,0.026608184843159872,0.14341838792340694,285.11308450959683,325.35130493164064,318.90870483398436,1,0
2020-07-27,0.12470398374754785,240.46017089177292,0.052811350935747965,83.93637094751448,0.32221011959472323,212.61910297276415,330.92999267578125,320.8999938964844,324.5,0.02477331904622545,0.13454528396436335,285.30395567796785,327.745,321.255,1,1
2020-07-28,0.10966832886920096,240.65463682970073,0.04304094456802348,84.02864231109741,0.3034317040359439,213.03186771406365,331.3999938964844,320.8999938964844,322.5,0.02329717377017804,0.1285859330206739,285.4761418038646,325.725,319.275,1,0
2020-07-29,0.09952808859649064,240.80759386898225,0.034453918484214634,84.1073843910933,0.2900923284128288,213.3876850717722,333.70001220703125,320.8999938964844,326.3800048828125,0.02450687120868467,0.12882658950935216,285.60348488071674,329.6438049316406,323.1162048339844,1,1
2020-07-30,0.09309416144488236,240.92960991554264,0.023943151890091493,84.19244466201266,0.27751235979870503,213.717306763819,335.80999755859375,322.6300048828125,325.260009765625,0.024499951155446703,0.13024794207511625,285.718932682861,328.5126098632812,322.0074096679688,1,0
2020-07-31,0.08592518178743376,241.0541969657775,0.02985537174335035,84.21597125276392,0.26851662883472704,214.02440251743468,336.17999267578125,329.05999755859375,327.82000732421875,0.02540505420180313,0.13096847560071626,285.84122741339377,331.09820739746095,324.54180725097655,1,0
2020-08-03,0.08067498696272332,241.16724237834225,0.042471379039217494,84.20646364061012,0.26397511412072916,214.32424077983237,337.1499938964844,329.19000244140625,330.1099853515625,0.025059278588533775,0.1339687777896412,285.9640741238355,333.4110852050781,326.8088854980469,1,0
2020-08-04,0.07830466999174115,241.26170344962114,0.0509193375085238,84.21434958563084,0.25978096749489205,214.61540450465185,338.8800048828125,332.4800109863281,331.29998779296875,0.025158800603899474,0.13478193575925157,286.0997157464428,334.61298767089846,327.98698791503904,1,0
2020-08-05,0.07713763638433636,241.34530809901307,0.05591295601888664,84.23608616007732,0.25539667142290634,214.89258606421626,339.6400146484375,332.4800109863281,333.45001220703125,0.025280627848657405,0.13770188267397068,286.22853359280873,336.7845123291016,330.1155120849609,1,0
2020-08-06,0.0760405653119361,241.42903545808358,0.05797419973018435,84.27067586058982,0.24400509889361263,215.19540969965132,339.6400146484375,333.3800048828125,335.7099914550781,0.020451932873640628,0.1402391475488926,286.3561365836702,339.0670913696289,332.35289154052737,1,0
2020-08-07,0.07625409476073232,241.50482085767607,0.055855130255737136,84.32392898968392,0.23764537050148818,215.46312385497987,339.6400146484375,333.3800048828125,335.95001220703125,0.017675617846271714,0.14414731921941565,286.4812282625921,339.30951232910155,332.59051208496095,1,0
2020-08-10,0.07786925231184402,241.57549087971256,0.05313041455529713,84.38100174777418,0.2424861139278225,215.68329886960447,339.7200012207031,333.3800048828125,336.9599914550781,0.017351080096178254,0.1486029389269909,286.605889931913,340.32959136962893,333.5903915405273,0,1
2020-08-11,0.08133797919989409,241.63983597442473,0.04630562609326508,84.45720062744547,0.2477384711320482,215.90371914097807,340.4599914550781,336.79998779296875,334.1400146484375,0.018844662846855147,0.15151418297539504,286.7347551900031,337.4814147949219,330.7986145019531,1,0
2020-08-12,0.09057545624963922,241.69321976543944,0.03558164957152781,84.55102896572565,0.2524428613944687,216.1366042796144,341.0,337.04998779296875,338.79998779296875,0.019850529252510542,0.15423348030511663,286.8727174913732,342.18798767089845,335.41198791503905,0,0
2020-08-13,0.09913582318476415,241.75629665157183,0.023996662856504775,84.65475407964901,0.25363559162780996,216.39602727994065,341.0,336.5899963378906,338.2200012207031,0.019223335529121005,0.15416520828201818,287.02883201071785,341.60220123291015,334.8378012084961,0,0
2020-08-14,0.10514679259399826,241.8303166812057,0.02325145782733361,84.68741922921475,0.253688112423763,216.65791112143546,341.04998779296875,336.5899963378906,338.19000244140625,0.019055420873780538,0.15208042766650762,287.1946421815843,341.5719024658203,334.8081024169922,0,0
2020-08-17,0.11072761840181035,241.90746195108858,0.025995174599864442,84.697367982246,0.25925139383109136,216.88030677602177,344.4200134277344,336.5899963378906,339.2799987792969,0.018577441557240854,0.14961385485040812,287.3509423030544,342.67279876708983,335.8871987915039,1,0
2020-08-18,0.11550662618867265,241.99119370415272,0.03428160650743838,84.69629440706086,0.26135994194075446,217.1128652270695,345.6000061035156,336.5899963378906,340.0,0.018560359914585406,0.14340174062388636,287.51959858291514,343.4,336.6,1,1
2020-08-19,0.11585245842130452,242.09595717260044,0.041901299527866906,84.70324955047916,0.2569382636130642,217.37460065820903,349.2699890136719,336.5899963378906,338.6199951171875,0.01909786600055621,0.1364166705091321,287.6835177821467,342.0061950683594,335.2337951660156,1,0
2020-08-20,0.11682278905586414,242.20460710052052,0.047626391231557895,84.7203929816917,0.24806837818904276,217.66477449876692,351.32000732421875,338.95001220703125,339.6600036621094,0.018318848965995147,0.12718353312075467,287.8556182694014,343.0566036987305,336.26340362548825,1,0
2020-08-21,0.11413478905623739,242.3307140960119,0.04906143005969729,84.7566082260383,0.23592941059970204,217.96938790980036,352.19000244140625,342.45001220703125,340.8500061035156,0.01845290495058236,0.11874407580984397,288.0167362714765,344.2585061645508,337.44150604248046,1,0
2020-08-24,0.11020500598008384,242.46438708249903,0.049231224178668695,84.79573833818552,0.23239939810709334,218.22943130350455,352.7699890136719,343.7099914550781,344.3500061035156,0.020431971020098676,0.1120975794620904,288.1652422132764,347.79350616455076,340.9065060424805,1,0
2020-08-25,0.10609681765036898,242.60112915939402,0.04677087059716237,84.84748026212984,0.2334071532773436,218.47454460803118,354.17999267578125,345.5799865722656,345.489990234375,0.016716542448017145,0.10548136477126183,288.31405171704694,348.94489013671875,342.03509033203125,1,0
2020-08-26,0.11050092947390633,242.6947760533699,0.04224220262847874,84.9107141766304,0.2402048878235747,218.6942442926961,360.260009765625,347.9800109863281,349.0,0.014354799297177949,0.10971839790480134,288.41911282329295,352.49,345.51,1,0
2020-08-27,0.11653615063643287,242.78130567134812,0.03835167773816889,84.96586093959976,0.2568921427436443,218.88005217569108,360.260009765625,344.0199890136719,349.760009765625,0.013444097058867045,0.12183130845208973,288.49563407994134,353.25760986328123,346.26240966796877,1,1
2020-08-28,0.12346763828601504,242.87345244646443,0.0394135318340865,85.01205996651493,0.2830773924776631,219.0450215233524,360.260009765625,336.260009765625,352.0,0.013156934516065854,0.14054208786724479,288.5519922993975,355.52,348.48,1,1
2020-08-31,0.1300856960641134,242.97071836680254,0.036398304067191224,85.07612485726334,0.30436143840496127,219.2355080176559,360.260009765625,334.2300109863281,350.7699890136719,0.015164191551137803,0.157170955724173,288.62479839034853,354.2776889038086,347.26228912353514,1,1
2020-09-01,0.1397970809457373,243.06307375520163,0.03935310816810554,85.10336168370284,0.3225560127183515,219.45577645811676,360.260009765625,334.2300109863281,354.05999755859375,0.0162051875254826,0.1819452884328794,288.6887897856736,357.6005975341797,350.5193975830078,1,1
2020-09-02,0.14630441015743398,243.17762655670737,0.043641839842372625,85.12307748271373,0.33643948726232714,219.7131236511313,357.8800048828125,334.2099914550781,359.239990234375,0.016516974103034782,0.20450669260079726,288.7778680158731,362.83239013671874,355.64759033203126,0,1
2020-09-03,0.1557414571518731,243.2833739097041,0.04731899911167829,85.14537027260869,0.35661488265006613,219.96888450682349,349.2900085449219,332.3500061035156,346.82000732421875,0.044472182703659165,0.2245504139190499,288.89306168948093,350.28820739746095,343.35180725097655,0,1
2020-09-04,0.16950878004435366,243.3908869020798,0.04973081598885455,85.17828407230128,0.40115856720993365,220.18738611419624,343.9100036621094,332.3500061035156,343.9800109863281,0.04558916691379365,0.25164257857034217,289.0136931311927,347.4198110961914,340.54021087646487,0,1
2020-09-08,0.18734303463288235,243.49973715236558,0.050086773594796345,85.22263913206508,0.46306268185919874,220.38848206535926,343.9100036621094,332.3500061035156,334.6300048828125,0.05219605167015294,0.27231759503331265,289.1802379365615,337.97630493164064,331.28370483398436,1,0
2020-09-09,0.20033114806676608,243.6353155144891,0.0480043851682443,85.27871702403544,0.5198205703478463,220.6406069056617,344.4700012207031,332.3500061035156,341.17999267578125,0.05659854193509992,0.28191938563094293,289.4070484077265,344.59179260253904,337.76819274902346,0,1
2020-09-10,0.20834045072272564,243.79125675961205,0.04878511594172358,85.32962331768148,0.5575825320148482,220.98929704538628,344.4700012207031,332.3500061035156,335.2200012207031,0.05720261820196379,0.28911672484767664,289.6477020824348,338.5722012329102,331.8678012084961,1,0
2020-09-11,0.208705060752192,243.9817696561153,0.045413653030080124,85.3993766356702,0.5813249744152227,221.4039015062556,344.4700012207031,330.6400146484375,335.3800048828125,0.05702291235874937,0.2910047959680139,289.91273139739354,338.73380493164063,332.02620483398437,1,1
2020-09-14,0.20294497870485273,244.19261381373326,0.05781476606437563,85.40545339017548,0.5936242224658552,221.86273738250435,344.4700012207031,324.3500061035156,339.8399963378906,0.058811180312836886,0.28377846664274864,290.2099909608308,343.2383963012695,336.44159637451173,1,1
2020-09-15,0.18937075136565315,244.43402307121917,0.07225534266324658,85.41657731810916,0.5732376070878833,222.46490777014088,344.4700012207031,324.3500061035156,341.57000732421875,0.05943592948245331,0.2625892487359692,290.56724581445206,344.98570739746094,338.15430725097656,0,1
2020-09-16,0.17262398079681854,244.6790493740661,0.08117392917963863,85.44934954379451,0.5282416130284688,223.168773784673,339.010009765625,323.2200012207031,340.2099914550781,0.057922750462345136,0.24099896938578103,290.90200302360404,343.6120913696289,336.80789154052735,0,1
2020-09-17,0.15151360359789315,244.93954691235808,0.08472677575841021,85.50303451176954,0.4602934752829557,223.964417331199,338.2099914550781,320.9200134277344,337.2900085449219,0.05420759885765821,0.2131067716763162,291.252937372736,340.6629086303711,333.9171084594727,0,1
2020-09-18,0.13005382363052356,245.19506826645645,0.0825037859826516,85.58026973792013,0.3901731058146575,224.75944139912724,333.57000732421875,320.9200134277344,333.3399963378906,0.04454419714209424,0.18198978537210692,291.60675193718225,336.6733963012695,330.00659637451173,0,1
2020-09-21,0.11545647622628889,245.4007627245095,0.07651154139399621,85.67016353481759,0.3466263083737534,225.37998140686273,336.1000061035156,320.9200134277344,329.6300048828125,0.04495671443857656,0.16322637896349798,291.8711550334569,332.92630493164063,326.33370483398437,1,1
2020-09-22,0.11345178110228575,245.53487161756354,0.06743947548113005,85.77362088772803,0.32469194125055095,225.8381034109871,336.1000061035156,320.9200134277344,332.9700012207031,0.03859039301620044,0.15300862429568787,292.0898061639548,336.29970123291014,329.6403012084961,0,1
2020-09-23,0.11303583690339532,245.65338859971905,0.0538075264233427,85.89649704663559,0.30950652398316075,226.2268769839447,339.4700012207031,320.9200134277344,323.75,0.04055932194584686,0.1427538192251597,292.2967881281305,326.9875,320.5125,1,0
2020-09-24,0.1130449506569684,245.76519992952544,0.042677519345508494,86.00132049388095,0.2945286536074985,226.59479938631208,339.8699951171875,322.75,324.6000061035156,0.03870388904213244,0.13843001330803184,292.4644043364717,327.8460061645508,321.3540060424805,1,0
2020-09-25,0.11398052601921835,245.8705406969766,0.027319438592817415,86.12490382447986,0.2869122422527777,226.91687309528,339.8699951171875,332.3900146484375,329.8800048828125,0.0432641967006041,0.13850683053855548,292.6016760400491,333.1788049316406,326.5812048339844,1,0
2020-09-28,0.11356995055066023,245.9811801149431,0.03373538567859936,86.15256004201359,0.2839478246143752,227.20447638437233,341.1199951171875,332.3900146484375,335.3599853515625,0.04461272066733111,0.1393892796511805,292.73404396842693,338.7135852050781,332.0063854980469,1,0
2020-09-29,0.11126329886497074,246.0999039106687,0.047875834571463105,86.13730302467796,0.2791458860243262,227.5081740843921,343.3500061035156,332.3900146484375,333.510009765625,0.044179771124967286,0.14002368999308326,292.86760646576874,336.84510986328127,330.17490966796873,1,0
2020-09-30,0.1055054471788076,246.23067952990067,0.057605504806541544,86.14168108712788,0.2650470914506597,227.84209493514402,343.3500061035156,332.3900146484375,336.05999755859375,0.0452244643479244,0.13776968450899618,293.01142385932496,339.4205975341797,332.6993975830078,1,1
2020-10-01,0.10188026164521799,246.3544584116596,0.06281542259184125,86.16640183363202,0.24929839183966312,228.18524587701324,345.0299987792969,332.3900146484375,338.239990234375,0.04500006092031419,0.13772785801367243,293.1526893206373,341.62239013671876,334.85759033203124,1,1
2020-10-02,0.09926565749612623,246.4712899675897,0.06428933780197085,86.20987831560161,0.2438080131498432,228.4693736622234,348.5400085449219,335.55999755859375,335.04998779296875,0.04436840097785042,0.13726992321669582,293.29644987565234,338.4004876708984,331.6994879150391,1,0
2020-10-05,0.0996704325536083,246.5786701004534,0.06153560880500485,86.27299309278419,0.25427944611602127,228.6804195341156,355.25,335.55999755859375,340.8999938964844,0.04516205737928576,0.13683800922004583,293.4428091886977,344.3089938354492,337.49099395751955,1,1
2020-10-06,0.10133969468591698,246.6709801140365,0.056984584833327974,86.34419595569385,0.25788096237191793,228.91282445509424,355.25,339.2799987792969,336.05999755859375,0.047644202227642984,0.1403972277973136,293.563875978646,339.4205975341797,332.6993975830078,1,0
2020-10-07,0.10537061805990858,246.75878362155203,0.048695082089941166,86.43242651966865,0.2583098710399296,229.16433308924857,355.25,343.05999755859375,341.8999938964844,0.03745018904207664,0.14330744942874288,293.6932990086977,345.31899383544925,338.4809939575195,1,0
2020-10-08,0.10781234107593521,246.85352535333905,0.038757681350061766,86.5264117543643,0.250056142107353,229.44806918338773,355.25,344.30999755859375,344.9800109863281,0.03745454863566078,0.14570936361576448,293.82462694105936,348.42981109619143,341.5302108764648,1,0
2020-10-09,0.10917824280653542,246.95088972044934,0.02507961780893225,86.63723333181812,0.23886932407903266,229.72969618050928,355.25,344.30999755859375,348.010009765625,0.035950987372567696,0.1498103733409862,293.9549021023899,351.49010986328125,344.52990966796875,1,1
2020-10-12,0.11001096199232907,247.05172934498995,0.022693422682798028,86.67435537738659,0.22592185696290445,230.01147556959836,353.6000061035156,342.29998779296875,353.69000244140625,0.03585365948266619,0.15402779544819428,294.0874217719167,357.22690246582033,350.15310241699217,0,1
2020-10-13,0.1102582219672284,247.15721940965057,0.022807494372733654,86.69391458260749,0.23491600069936436,230.2172709538916,353.0899963378906,342.29998779296875,351.3900146484375,0.036199519124999156,0.1556078221091752,294.23070211146825,354.9039147949219,347.8761145019531,0,1
2020-10-14,0.10721360705936064,247.28167968336257,0.02204108779028287,86.7178795703392,0.2469209433868507,230.43831509057674,351.9700012207031,342.29998779296875,349.19000244140625,0.03780998555380507,0.15305662595701366,294.39675213601555,352.6819024658203,345.6981024169922,0,1
2020-10-15,0.10490244595158232,247.39840592317415,0.020141061209596352,86.74700568876557,0.25635000095746024,230.66806635839455,351.9700012207031,341.8800048828125,348.760009765625,0.03799747523909238,0.15116022800674567,294.5525958084017,352.24760986328124,345.27240966796876,0,1
2020-10-16,0.10310988044884602,247.51457625789203,0.018133957499917086,86.7747600489128,0.2656520732936555,230.89504581005806,350.5199890136719,341.8800048828125,348.45001220703125,0.035753047953401985,0.1486785202111016,294.7113872399569,351.93451232910155,344.96551208496095,0,1
2020-10-19,0.10380571618443718,247.6141955816954,0.018762716656668794,86.79551098101649,0.2812232406308376,231.07966954942341,348.1000061035156,336.80999755859375,343.2200012207031,0.0369493247924749,0.14623162175940174,294.86803518936574,346.65220123291016,339.7878012084961,1,1
2020-10-20,0.10237430177954028,247.72720013844338,0.021864916649021137,86.80692909628733,0.2869158025349519,231.3141382707452,347.19000244140625,336.80999755859375,344.57000732421875,0.03302736160909729,0.14261622881591038,295.0297152815105,348.0157073974609,341.1243072509766,0,1
2020-10-21,0.10502538082662409,247.81900525957371,0.02388067452174863,86.82221599138995,0.2871133258950665,231.5657269023385,347.19000244140625,327.29998779296875,343.8999938964844,0.02882565714993537,0.13909934775559563,295.1875293706329,347.33899383544923,340.4609939575195,0,1
2020-10-22,0.10694946183886499,247.91543252934423,0.027022070431608695,86.8336478403535,0.2748603614423366,231.87458678464523,347.19000244140625,326.260009765625,345.8599853515625,0.02793740962511392,0.136364544668624,295.34453931403027,349.31858520507814,342.40138549804686,0,1
2020-10-23,0.1063328214091977,248.02317589120597,0.028928178510545192,86.84996116496909,0.25013335225422884,232.24238172004263,344.19000244140625,323.7200012207031,346.9599914550781,0.026578968053582452,0.1348213989467471,295.4877685869461,350.4295913696289,343.49039154052736,0,1
2020-10-26,0.10426162709705603,248.13478443300815,0.029729172817830704,86.8710739678928,0.2128379975908748,232.662025652737,341.29998779296875,323.7200012207031,340.5899963378906,0.025287897245988806,0.13217669369346816,295.6275729093654,343.9958963012695,337.18409637451174,0,1
2020-10-27,0.10545086916666574,248.23579715330797,0.030073528662852272,86.89616445711295,0.19040508562636263,232.980289275542,339.42999267578125,323.7200012207031,339.42999267578125,0.02510269028918696,0.13165678711269113,295.7626567562934,342.82429260253906,336.03569274902344,0,1
2020-10-28,0.10512449234892109,248.34175314539934,0.030046500222088792,86.9247767581789,0.17843938014976185,233.22348967756105,349.19000244140625,323.7200012207031,327.8800048828125,0.04013372799830831,0.1333125979841374,295.8904833329366,331.15880493164065,324.60120483398435,1,1
2020-10-29,0.10419061190751533,248.45200936956152,0.03171549983020242,86.95264359691294,0.17108699642144373,233.44358862963426,353.45001220703125,323.7200012207031,331.1499938964844,0.0431361544607124,0.1379291533933707,296.0138000752404,334.46149383544923,327.8384939575195,1,1
2020-10-30,0.1036164754941133,248.55812218084867,0.03100584047668478,86.99260453820001,0.1678388886977535,233.63813544569393,353.45001220703125,328.3800048828125,327.6199951171875,0.04316917646375402,0.1430985840780371,296.1356166855882,330.89619506835936,324.34379516601564,1,0
2020-11-02,0.10149346563024267,248.6693294828117,0.03405419744230687,87.01578420494491,0.17187264535410687,233.799301253792,365.6900024414063,334.3500061035156,331.3599853515625,0.04513734890886665,0.1494465041610545,296.2560897120758,334.67358520507815,328.04638549804685,1,0
2020-11-03,0.09960480658478031,248.77890821512622,0.03750623760205966,87.03411490979147,0.17535986522410496,233.95669567092034,365.6900024414063,340.739990234375,337.2799987792969,0.04955073649548986,0.154244091081265,296.3838714700344,340.65279876708985,333.9071987915039,1,0
2020-11-04,0.09977505604376852,248.87775012179918,0.039817423517637986,87.06061259733403,0.1786282074979126,234.11471341099673,365.6900024414063,348.95001220703125,344.7300109863281,0.055060011526634645,0.16179887369086182,296.50918341719455,348.17731109619143,341.2827108764648,1,0
2020-11-05,0.10585332600365303,248.95960223380857,0.04220843481109052,87.08614117657385,0.19209592470948775,234.24911548734894,365.6900024414063,348.95001220703125,351.4700012207031,0.058173655872082966,0.1754942995111437,296.6172168875526,354.98470123291014,347.9553012084961,1,0
2020-11-06,0.11227558637861829,249.04625348106308,0.04364627879467275,87.11968628682594,0.20933308565314504,234.37986259059429,365.6900024414063,351.8699951171875,351.44000244140625,0.05816748643272769,0.19334626941033614,296.72781702962095,354.9544024658203,347.9256024169922,1,0
2020-11-09,0.11549876944548278,249.14972998502003,0.04297572615478099,87.16445294829111,0.22236398249856465,234.53991014232173,363.8699951171875,351.8699951171875,355.8299865722656,0.054576164464767186,0.200598672778288,296.8910910339316,359.38828643798826,352.271686706543,1,1
2020-11-10,0.14045312734480303,249.18778452898482,0.042449466871256336,87.21110675900674,0.24683792539012087,234.67699909262657,363.8699951171875,352.5400085449219,355.3699951171875,0.05428058334244761,0.22136598881309297,297.0236254777299,358.9236950683594,351.8162951660156,1,0
2020-11-11,0.16287422220303122,249.24744161290985,0.0403572755713073,87.26427667058752,0.26839936559001315,234.84348495557006,363.8699951171875,352.5400085449219,357.92999267578125,0.032427313223618776,0.23912035886434657,297.17782986843616,361.50929260253906,354.35069274902344,1,1
2020-11-12,0.17987792443369272,249.33320308996775,0.04202160580827313,87.29929485692789,0.2819645333954012,235.04217776122726,363.8699951171875,355.489990234375,354.5199890136719,0.037170022179353425,0.24914522210584944,297.35840646607755,358.0651889038086,350.9747891235352,1,0
2020-11-13,0.1929758654133287,249.44430028431924,0.04246588503014448,87.34181284978142,0.28556532377807703,235.28473523454676,363.8699951171875,355.489990234375,359.3399963378906,0.032006013770489415,0.25184542627848333,297.5744272839586,362.9333963012695,355.74659637451174,1,1
2020-11-16,0.1980003867232919,249.5968381214522,0.04335081443617224,87.37782960805635,0.28042287811020117,235.55552460799777,363.239990234375,355.489990234375,363.7999877929688,0.032093109611417384,0.24598868116469041,297.8247315775623,367.4379876708985,360.1619879150391,0,1
2020-11-17,0.20028456941291434,249.77328752413086,0.04202699529427803,87.42339178746938,0.263247774565955,235.88220307338068,365.1000061035156,355.489990234375,361.95001220703125,0.033555722117281646,0.23191240112510755,298.1160375743041,365.56951232910154,358.33051208496096,0,1
2020-11-18,0.1971996166954861,249.9811117364626,0.039628160571114644,87.47148065130774,0.2333720600434059,236.26054945189486,365.1000061035156,355.489990234375,357.5899963378906,0.03410945728979789,0.21288040990505464,298.4208228762176,361.1658963012695,354.0140963745117,1,0
2020-11-19,0.19246060090859932,250.19174969253163,0.04009000951598669,87.51262812350173,0.20700825292487468,236.5994167796406,365.5199890136719,356.1700134277344,359.0400085449219,0.029388212603082126,0.19374111493307217,298.7152772701315,362.6304086303711,355.44960845947264,1,0
2020-11-20,0.18195504016446523,250.42717868640966,0.03916790305367137,87.55619975745796,0.18018750483393564,236.92193241683222,365.5199890136719,356.1700134277344,356.6300048828125,0.030669769662724455,0.1795467682870763,298.971518919838,360.1963049316406,353.0637048339844,1,0
2020-11-23,0.16216379408101828,250.70639910583523,0.03691339491963709,87.60493897444995,0.1514056830176328,237.24326918215388,368.989990234375,360.5,358.7699890136719,0.028732002201892745,0.15779409538516972,299.2615855587568,362.3576889038086,355.18228912353516,1,0
2020-11-24,0.1574867893240039,250.88195288056303,0.035839148715862995,87.64646499388692,0.13794513811739562,237.46192337968114,368.989990234375,360.5,364.510009765625,0.032240787279021944,0.15146903512813845,299.448144176446,368.15510986328127,360.86490966796873,1,1
2020-11-25,0.15648717128605497,251.04079847056985,0.034727678617319714,87.68992215912414,0.13307819005319746,237.6232812348616,369.5299987792969,360.5,363.989990234375,0.03201281566450999,0.15309262102891502,299.59402884661245,367.62989013671876,360.35009033203124,1,0
2020-11-27,0.15151473828557835,251.21668158770524,0.03614507349816648,87.72009563489783,0.12998061423114868,237.77162810831663,371.20001220703125,360.5,364.9800109863281,0.029471541687425006,0.15533935713867605,299.74472252452404,368.6298110961914,361.33021087646483,1,1
2020-11-30,0.14314004907070785,251.39736465645817,0.03985264990726281,87.74261903281986,0.12739146784264432,237.91022817090047,371.20001220703125,365.5499877929688,363.3200073242188,0.027739842008280613,0.1539373229939777,299.90112093336586,366.953207397461,359.68680725097664,1,0
2020-12-01,0.13564787306389728,251.57824065717347,0.07662073544253431,87.68051564563122,0.1262481120632906,238.04529261691283,372.1600036621094,365.5499877929688,367.3200073242188,0.02714450394812914,0.154689185842126,300.0552728898956,370.993207397461,363.6468072509766,1,0
2020-12-02,0.13161644409076606,251.73453924127156,0.10823136356821951,87.650775021077,0.12896349891169606,238.16383567844107,372.4200134277344,366.8800048828125,368.1000061035156,0.026300302154281873,0.15930512498579424,300.1945254616476,371.7810061645508,364.4190060424805,1,0
2020-12-03,0.12879198746741963,251.87785233116531,0.12864879707925217,87.67187868406843,0.13113472815161878,238.28745614758628,372.4200134277344,365.80999755859375,368.0299987792969,0.021635201672977715,0.165927180589034,300.3331981343621,371.71029876708985,364.3496987915039,1,0
2020-12-04,0.128080719528405,252.0101457180613,0.14386780738955107,87.7111699420853,0.13424080166693275,238.40652307032065,372.4200134277344,364.6199951171875,371.1900024414063,0.022361915842321993,0.17183238059494638,300.47593611074,374.9019024658204,367.4781024169922,0,1
2020-12-07,0.12762365889397287,252.14036690142999,0.15160367708552475,87.79194705300976,0.1353428233160959,238.53489577758202,372.4200134277344,364.2099914550781,370.5,0.020366959971195548,0.1804598261166775,300.6131860120195,374.205,366.795,0,1
2020-12-08,0.12614288329558665,252.2745591504071,0.15303730768698104,87.90991100555307,0.1361105394567105,238.66476191333786,372.4200134277344,364.2099914550781,371.5299987792969,0.020239868935964935,0.1859194707321852,300.7693486361836,375.2452987670898,367.81469879150393,0,1
2020-12-09,0.12256287912084061,252.4162972375433,0.1482507218316594,88.06369449147336,0.13584660507225824,238.79752451180036,370.9100036621094,364.2099914550781,368.2799987792969,0.01842387216861543,0.18889691526659297,300.9429603080207,371.96279876708985,364.5971987915039,0,1
2020-12-10,0.12353641470390514,252.53292856738418,0.13275552482583955,88.26518072372328,0.14371355248305273,238.9097235000476,372.20001220703125,364.2099914550781,368.0799865722656,0.01831374359248824,0.1934276624316791,301.1102777759263,371.76078643798826,364.399186706543,1,1
2020-12-11,0.12336225966182386,252.65352294459993,0.10700570426976722,88.5124370729204,0.15060202138261342,239.02926838170322,372.4800109863281,364.2099914550781,367.6199951171875,0.018358497653489056,0.19758585447953256,301.2758112850189,371.2961950683594,363.9437951660156,1,0
2020-12-14,0.11896562877452294,252.7969724200854,0.09627405069353867,88.73327383055113,0.1538764732318593,239.1702205305892,372.4800109863281,363.3800048828125,364.3500061035156,0.020187298787324053,0.1968265182194793,301.47945259875104,367.9935061645508,360.70650604248044,1,0
2020-12-15,0.11974769383160806,252.91560839695214,0.11208437314473967,88.77395139471305,0.1578527095872921,239.30940638288382,372.4800109863281,363.3800048828125,369.30999755859375,0.021796942067093233,0.1961890548908146,301.6808604585158,373.0030975341797,365.6168975830078,0,1
2020-12-16,0.12428645157321476,253.0233299044873,0.12523518142315043,88.82187031166887,0.16234105450894765,239.4451574298541,372.4800109863281,363.3800048828125,369.8999938964844,0.021760928679199463,0.20892335540755183,301.84559606668495,373.5989938354492,366.20099395751953,0,1
2020-12-17,0.12515925559747254,253.1456225984318,0.13092086463942665,88.90843449389709,0.16590510917114365,239.58675497439586,372.4800109863281,363.3800048828125,371.9599914550781,0.022313121328685733,0.2253953594354612,302.0001429686325,375.6795913696289,368.24039154052736,0,1
2020-12-18,0.12743362206219644,253.26117566295062,0.1268660928076011,89.0366807420079,0.16786364226279307,239.7367315617855,373.9400024414063,363.3800048828125,370.489990234375,0.02112393490370046,0.24411412422172998,302.16236430004807,374.19489013671875,366.78509033203125,0,1
2020-12-21,0.13336423192490832,253.36691281413889,0.12120656020383384,89.17387177878508,0.17249403163337748,239.88862711674977,375.3999938964844,367.4200134277344,369.2699890136719,0.021298576103918214,0.2671972405866051,302.31683507338045,372.9626889038086,365.57728912353514,1,0
2020-12-22,0.14554167716543115,253.45959223054658,0.11499992692806756,89.31242861218078,0.17698425227767312,240.05027839443125,375.3999938964844,368.70001220703125,368.55999755859375,0.02105356031281708,0.28468737317126974,302.50461799121274,372.2455975341797,364.8743975830078,1,0
2020-12-23,0.15260209389626486,253.57652185505796,0.10741450556270032,89.45343363668326,0.17582808687346452,240.24179788704933,376.0400085449219,368.80999755859375,368.8800048828125,0.01910967543384464,0.2921514132636234,302.7350705623589,372.5688049316406,365.1912048339844,1,0
2020-12-24,0.15709243100244505,253.70272586624995,0.09114367962763238,89.6321877049139,0.17820591548147022,240.40156508708102,376.8200073242188,366.1600036621094,370.30999755859375,0.019435163082208096,0.2900299056191229,303.00450453060984,374.0130975341797,366.6068975830078,1,1
2020-12-28,0.15532294629805204,253.85483947299747,0.06637309018240888,89.84703990689336,0.17586606113170516,240.5771915648437,376.8200073242188,366.1600036621094,373.5299987792969,0.020858257283707125,0.27303047164839567,303.3345657348516,377.26529876708986,369.7946987915039,0,1
2020-12-29,0.14889955752357953,254.02780324803408,0.06413909107602142,89.91773023153848,0.17118426539866471,240.7626358272681,378.3699951171875,366.1600036621094,372.80999755859375,0.017894725356410998,0.24746726106967534,303.69235342931654,376.5380975341797,369.0818975830078,1,1
2020-12-30,0.14109293265912462,254.20133813382122,0.060018521898906906,89.99413660243931,0.16685678901546577,240.94607851408554,381.260009765625,366.1600036621094,373.2999877929688,0.012833803931050531,0.22074757907272133,304.0645119667599,377.0329876708985,369.56698791503914,1,1
2020-12-31,0.13391177752182817,254.36260699522666,0.05541156779652534,90.07050140464017,0.1592837026757333,241.140149932742,382.8599853515625,366.1600036621094,375.3900146484375,0.013609695721872653,0.20047256030378274,304.37810915127255,379.1439147949219,371.6361145019531,1,1
2021-01-04,0.12370971846612709,254.5411855322669,0.059484789815069626,90.1197937644261,0.15029082349692577,241.3385385262868,382.8599853515625,369.4400024414063,370.2200012207031,0.019655082149830166,0.1861097083516615,304.66105462603116,373.92220123291014,366.5178012084961,1,0
2021-01-05,0.11812264533162059,254.70684974252657,0.06307185355588688,90.18097271437509,0.14703259492075563,241.52323078997645,382.8599853515625,370.4599914550781,372.6700134277344,0.02039259321965606,0.18749156523115873,304.8738562669722,376.3967135620117,368.94331329345704,1,0
2021-01-06,0.11608065101517583,254.85151955565564,0.06847832218312534,90.23087363567672,0.14998438583471901,241.67192181723237,382.8599853515625,377.2799987792969,374.9200134277344,0.020548322709685523,0.1972317274857112,305.03573991387066,378.66921356201175,371.170813293457,1,0
2021-01-07,0.13339290272997978,254.91540647202586,0.07459355802241316,90.27289547348805,0.1647577604285239,241.7758021485108,382.8599853515625,377.7699890136719,380.4700012207031,0.023901360236944207,0.21136597089151657,305.1745107332695,384.27470123291016,376.6653012084961,0,0
2021-01-08,0.15168062738962462,254.98331433284233,0.07858292763594665,90.31857481485758,0.17982381250301147,241.8812484073561,382.5299987792969,375.0799865722656,382.6400146484375,0.023869130838686026,0.2304564034143393,305.3071904615302,386.4664147949219,378.8136145019531,0,1
2021-01-11,0.16773487489834824,255.0650236044734,0.07991977691565845,90.37927409635451,0.19454894392954056,241.99759102164126,382.5299987792969,375.0799865722656,380.1400146484375,0.02595394508915599,0.24420689984808566,305.4666592003152,383.94141479492185,376.33861450195315,0,1
2021-01-12,0.17779204123278014,255.17863935955677,0.078146814152298,90.45785114595505,0.20516245231915547,242.14280813891875,386.1900024414063,375.0799865722656,380.20001220703125,0.02513578663797119,0.24801421478195887,305.6790832141448,384.00201232910155,376.39801208496095,1,1
2021-01-13,0.18145425204410076,255.32122499308696,0.07367825602136406,90.54726023027949,0.2115591757291568,242.310640465442,386.3800048828125,375.0799865722656,381.1600036621094,0.024799773938356782,0.24252456364398883,305.93987738449823,384.97160369873046,377.3484036254883,1,1
2021-01-14,0.17735763456709472,255.49728144393518,0.06484057146537753,90.65709405218105,0.21290798571277594,242.49894667833252,386.3800048828125,375.0799865722656,379.8399963378906,0.02544570697415626,0.23853691275793798,306.1861020905783,383.63839630126955,376.0415963745117,1,1
2021-01-15,0.1685098645676066,255.70068301960072,0.053324970454587825,90.78039782066867,0.20630967316898338,242.72601275533498,386.3800048828125,378.1499938964844,377.1000061035156,0.026501049197194985,0.2369882591585031,306.4448836623895,380.8710061645508,373.32900604248044,1,0
2021-01-19,0.1577456473155614,255.91788835698327,0.05090041697624564,90.85241494606761,0.1962422899806699,242.97577187455198,387.20001220703125,379.8800048828125,380.0499877929688,0.021956154470652193,0.24962188934423263,306.6664982394965,383.8504876708985,376.24948791503914,1,0
2021-01-20,0.14764605968328148,256.1232838710136,0.05331674812216819,90.89911232427859,0.18773386920840385,243.20640078331417,387.20001220703125,373.42999267578125,385.2799987792969,0.02438345218388192,0.2720701404606909,306.84557804223766,389.13279876708987,381.4271987915039,0,1
2021-01-21,0.13371848449079934,256.34286659003845,0.05572685059904006,90.94187940736113,0.17884931805728918,243.4414520258424,387.20001220703125,373.42999267578125,385.6199951171875,0.024294359935980323,0.28519528122150833,307.06403098942144,389.4761950683594,381.7637951660156,0,1
2021-01-22,0.12771895556466487,256.5028730979301,0.056930812973007165,90.98771356522992,0.17631446671699716,243.6350025671909,387.20001220703125,369.6499938964844,384.30999755859375,0.020974635107869087,0.2903657341334048,307.3156781212734,388.15309753417966,380.46689758300784,0,1
2021-01-25,0.12371047857837444,256.6435503066495,0.057769420606343894,91.04157731470556,0.1724332523267525,243.8307016844251,387.20001220703125,369.6499938964844,385.8399963378906,0.020616386972700747,0.29546782647811165,307.5547266625555,389.69839630126955,381.9815963745117,0,1
2021-01-26,0.1257569173116798,256.76146627944894,0.058331156194413133,91.09594149619322,0.17661481746867408,243.9951912975205,384.6400146484375,369.6499938964844,385.2699890136719,0.019169326195210962,0.2928727148277548,307.83036766233005,389.1226889038086,381.41728912353517,0,1
2021-01-27,0.12663800341659012,256.8815097662449,0.05729717070619504,91.15333270304649,0.18217001110563608,244.15103451113794,385.1099853515625,369.6499938964844,375.8699951171875,0.032415390461982205,0.2772263646623522,308.1584759651139,379.6286950683594,372.1112951660156,1,1
2021-01-28,0.13190017045719954,256.99361138643116,0.0540189736840916,91.21926803202108,0.19701650294292006,244.28268624809408,387.6400146484375,369.6499938964844,379.0499877929688,0.03367058142654316,0.2576343935846959,308.51241854932994,382.8404876708985,375.25948791503913,1,1
