Date,Cash,Num Shares,Share total Value,Total Port Value
2015-03-09,120985.00061035156,-100,-20985.00061035156,100000.0
2015-03-10,121061.69982910156,-100,-20641.99981689453,100419.70001220703
2015-03-11,141659.69940185547,-200,-41195.999145507805,100463.70025634766
2015-03-12,162514.69970703125,-300,-62565.000915527344,99949.6987915039
2015-03-13,183241.70013427734,-400,-82908.00170898436,100333.69842529298
2015-03-16,204255.7000732422,-500,-105069.99969482422,99185.70037841797
2015-03-17,225198.6993408203,-600,-125657.99560546875,99540.70373535156
2015-03-18,183028.84121704102,-400,-84759.99755859376,98268.84365844725
2015-03-19,141364.74090576172,-200,-42198.00109863282,99166.7398071289
2015-03-20,142063.71981811523,-200,-42570.00122070312,99493.71859741211
2015-03-23,78553.41976928711,100,21250.0,99803.41976928711
2015-03-24,57436.41995239258,200,42233.99963378906,99670.41958618164
2015-03-25,36717.41970825195,300,62157.000732421875,98874.42044067383
2015-03-26,36975.61068725586,300,62003.997802734375,98979.60848999023
2015-03-27,37140.2893371582,300,62130.00183105468,99270.29116821289
2015-03-30,37095.39044189453,300,62885.99853515625,99981.38897705078
2015-03-31,37095.39044189453,300,62349.000549316406,99444.39099121094
2015-04-01,58086.220626831055,200,41435.99853515625,99522.2191619873
2015-04-02,99787.39933776855,0,0.0,99787.39933776855
2015-04-06,99879.01853942871,0,0.0,99879.01853942871
2015-04-07,100455.91719055176,0,0.0,100455.91719055176
2015-04-08,100785.85670471191,0,0.0,100785.85670471191
2015-04-09,100944.92707824707,0,0.0,100944.92707824707
2015-04-10,101052.66909790039,0,0.0,101052.66909790039
2015-04-13,58960.66775512695,200,42092.00134277344,101052.66909790039
2015-04-14,37877.667572021484,300,63249.000549316406,101126.66812133789
2015-04-15,16686.667205810547,400,84764.00146484375,101450.6686706543
2015-04-16,38055.95831298828,300,63542.99926757812,101598.9575805664
2015-04-17,17119.95825195312,400,83744.00024414064,100863.95849609376
2015-04-20,38265.31831359863,300,63383.99963378906,101649.3179473877
2015-04-21,38498.59843444824,300,63317.99926757812,101816.59770202637
2015-04-22,38607.65800476074,300,63624.000549316406,102231.65855407715
2015-04-23,38607.65800476074,300,63783.000183105476,102390.65818786621
2015-04-24,59915.65818786621,200,42616.00036621094,102531.65855407715
2015-04-27,81139.65873718262,100,21224.00054931641,102363.65928649902
2015-04-28,60127.898193359375,200,42564.00146484375,102691.89965820312
2015-04-29,81326.89874267578,100,21199.00054931641,102525.89929199219
2015-04-30,102309.88941955566,0,0.0,102309.88941955566
2015-05-01,144733.88844299316,-200,-42423.9990234375,102309.88941955566
2015-05-04,123977.45959472656,-100,-21280.00030517578,102697.45928955078
2015-05-05,145011.45922851562,-200,-42067.999267578125,102943.4599609375
2015-05-06,165958.45935058594,-300,-62841.00036621094,103117.458984375
2015-05-07,186987.45867919922,-400,-84115.99731445312,102871.4613647461
2015-05-08,186669.4594116211,-400,-85211.99951171875,101457.45989990234
2015-05-11,186901.51916503906,-400,-84800.0,102101.51916503906
2015-05-12,208036.51977539062,-500,-105675.0030517578,102361.51672363283
2015-05-13,208105.52001953125,-500,-105714.99633789062,102390.52368164062
2015-05-14,164610.51879882812,-300,-64107.000732421875,100503.51806640625
2015-05-15,121378.51654052734,-100,-21391.000366210938,99987.5161743164
2015-05-18,99670.51788330078,0,0.0,99670.51788330078
2015-05-19,56770.51788330078,200,42900.0,99670.51788330078
2015-05-20,13912.519226074219,400,85715.99731445312,99628.51654052734
2015-05-21,-29069.481506347656,600,128946.00219726562,99876.52069091797
2015-05-22,-7623.4808349609375,500,107230.0033569336,99606.52252197266
2015-05-26,13589.519653320312,400,84852.001953125,98441.52160644531
2015-05-27,35005.52001953125,300,64248.00109863281,99253.52111816406
2015-05-28,56393.5205078125,200,42776.0009765625,99169.521484375
2015-05-29,98909.52087402344,0,0.0,98909.52087402344
2015-06-01,120454.10008239746,-100,-21294.99969482422,99159.10038757324
2015-06-02,120703.00117492676,-100,-21277.999877929688,99425.00129699707
2015-06-03,121053.56117248535,-100,-21338.00048828125,99715.5606842041
2015-06-04,121228.32075500488,-100,-21166.000366210938,100062.32038879395
2015-06-05,121733.63996887207,-100,-21119.000244140625,100614.63972473145
2015-06-08,142722.6399078369,-200,-41977.99987792969,100744.64002990723
2015-06-09,163704.6406402588,-300,-62946.002197265625,100758.63844299316
2015-06-10,184935.64039611816,-400,-84923.99902343749,100011.64137268068
2015-06-11,185496.2604522705,-400,-85211.99951171875,100284.26094055176
2015-06-12,185735.32093811035,-400,-84564.00146484375,101171.3194732666
2015-06-15,186020.3215484619,-400,-84211.99951171875,101808.32203674316
2015-06-16,186016.32221984863,-400,-84679.99877929688,101336.32344055176
2015-06-17,185936.32191467285,-400,-84796.00219726564,101140.31971740721
2015-06-18,164101.3228302002,-300,-64235.99853515625,99865.32429504395
2015-06-19,142513.32234191895,-200,-42570.00122070312,99943.32112121582
2015-06-22,37106.07344055176,300,64310.99853515625,101417.07197570801
2015-06-23,15659.073318481445,400,85788.00048828125,101447.0738067627
2015-06-24,-5518.926559448242,500,105889.99938964844,100371.0728302002
2015-06-25,-26629.926620483402,600,126666.00036621095,100036.07374572755
2015-06-26,-26629.926620483402,600,126701.99890136719,100072.07228088379
2015-06-29,-26629.926620483402,600,124037.99743652342,97408.07081604002
2015-06-30,35693.803192138665,300,62166.00036621094,97859.80355834961
2015-07-01,77461.8024597168,100,20883.999633789062,98345.80209350586
2015-07-02,98504.64208984375,0,0.0,98504.64208984375
2015-07-06,119462.23110961914,-100,-20803.99932861328,98658.23178100586
2015-07-07,141275.31427001953,-200,-41864.00146484375,99411.31280517578
2015-07-08,141461.9520263672,-200,-41157.99865722656,100303.95336914062
2015-07-09,142015.95135498047,-200,-41232.000732421875,100783.9506225586
2015-07-10,162894.95068359375,-300,-62636.997985839844,100257.9526977539
2015-07-13,141875.95196533203,-200,-42217.999267578125,99657.9526977539
2015-07-14,141661.04098510742,-200,-42394.000244140625,99267.0407409668
2015-07-15,141496.01055908203,-200,-42377.99987792969,99118.01068115234
2015-07-16,119212.89933776855,-100,-21355.00030517578,97857.89903259277
2015-07-17,76010.90043640137,100,21377.999877929688,97388.90031433105
2015-07-20,33238.900314331055,300,64158.000183105476,97396.90049743652
2015-07-21,11935.900436401367,400,85211.99951171875,97147.89994812012
2015-07-22,-9326.099075317383,500,106309.99755859375,96983.89848327637
2015-07-23,-30473.099197387695,600,126882.00073242188,96408.90153503418
2015-07-24,-30473.099197387695,600,125550.0,95076.9008026123
2015-07-27,32259.151901245124,300,62397.001647949226,94656.15354919435
2015-07-28,74375.15226745605,100,21058.00018310547,95433.15245056152
2015-07-29,116773.15336608887,-100,-21199.00054931641,95574.15281677246
2015-07-30,137790.1311187744,-200,-42411.99951171874,95378.13160705566
2015-07-31,137954.40983581543,-200,-42351.998901367195,95602.41093444824
2015-08-03,138450.01988220215,-200,-42207.99865722656,96242.02122497559
2015-08-04,118413.9606628418,-100,-21060.00061035156,97353.96005249023
2015-08-05,119053.15994262695,-100,-21138.999938964844,97914.16000366211
2015-08-06,119365.9408569336,-100,-20969.000244140625,98396.94061279297
2015-08-07,119971.31939697266,-100,-20917.999267578125,99053.32012939453
2015-08-10,120942.68078613281,-100,-21183.00018310547,99759.68060302734
2015-08-11,121168.33969116211,-100,-20991.99981689453,100176.33987426758
2015-08-12,142180.33920288086,-200,-42023.9990234375,100156.34017944336
2015-08-13,122283.41967773438,-100,-20991.000366210938,101292.41931152344
2015-08-14,122844.24005126953,-100,-21063.00048828125,101781.23956298828
2015-08-17,123465.49853515625,-100,-21186.99951171875,102278.4990234375
2015-08-18,123611.24017333984,-100,-21127.00042724609,102484.23974609375
2015-08-19,144568.24090576172,-200,-41914.00146484375,102654.23944091797
2015-08-20,165080.24041748047,-300,-61535.99853515625,103544.24188232422
2015-08-21,184961.24017333984,-400,-79523.99902343749,105437.24114990236
2015-08-24,185566.8603515625,-400,-76208.00170898436,109358.85864257814
2015-08-25,204394.8602294922,-500,-94139.99938964844,110254.86083984375
2015-08-26,206009.86114501953,-500,-97839.99633789062,108169.8648071289
2015-08-27,189220.22137451172,-400,-80196.00219726564,109024.21917724608
2015-08-28,171529.20156860352,-300,-60143.99871826171,111385.2028503418
2015-08-31,172896.16192626953,-300,-59625.0,113271.16192626953
2015-09-01,156354.6635131836,-200,-38545.999145507805,117808.66436767578
2015-09-02,157212.66369628906,-200,-39307.99865722656,117904.6650390625
2015-09-03,117888.7438659668,0,0.0,117888.7438659668
2015-09-04,117852.4536895752,0,0.0,117852.4536895752
2015-09-08,117246.1136932373,0,0.0,117246.1136932373
2015-09-09,118178.78332519531,0,0.0,118178.78332519531
2015-09-10,98573.69235229492,100,19696.00067138672,118269.69302368164
2015-09-11,98674.65321350098,100,19791.99981689453,118466.65303039551
2015-09-14,98949.57363891602,100,19714.99938964844,118664.57302856445
2015-09-15,98899.72351074219,100,19961.99951171875,118861.72302246094
2015-09-16,98920.34265136719,100,20141.000366210938,119061.34301757812
2015-09-17,78830.34326171875,200,40179.99877929688,119010.34204101562
2015-09-18,59075.34295654297,300,59265.000915527344,118340.34387207031
2015-09-21,39216.343322753906,400,79435.99853515625,118652.34185791016
2015-09-22,19607.343688964844,500,98044.99816894531,117652.34185791016
2015-09-23,31.344238281246362,600,117455.99670410158,117487.34094238283
2015-09-24,31.344238281246362,600,117035.99853515624,117067.34277343749
2015-09-25,31.344238281246362,600,116310.00366210936,116341.34790039061
2015-09-28,78888.10368347168,200,37801.998901367195,116690.10258483887
2015-09-29,97978.11312866211,100,18903.99932861328,116882.11245727539
2015-09-30,97800.1517791748,100,19271.00067138672,117071.15245056152
2015-10-01,136587.8630065918,-100,-19324.00054931641,117263.86245727539
2015-10-02,156194.86373901367,-200,-39214.00146484375,116980.86227416992
2015-10-05,136318.86428833008,-100,-19961.99951171875,116356.86477661133
2015-10-06,136581.48477172852,-100,-19886.99951171875,116694.48526000977
2015-10-07,135838.35494995117,-100,-20050.999450683597,115787.35549926758
2015-10-08,135273.86250305176,-100,-20235.00061035156,115038.8618927002
2015-10-09,114138.58416748047,0,0.0,114138.58416748047
2015-10-12,73602.58563232422,200,40535.99853515625,114138.58416748047
2015-10-13,94388.76538085938,100,20136.99951171875,114525.76489257812
2015-10-14,94691.13482666016,100,20036.00006103516,114727.13488769531
2015-10-15,74348.13555908203,200,40685.99853515625,115034.13409423828
2015-10-16,74461.56463623047,200,40866.00036621094,115327.5650024414
2015-10-19,74649.89427185059,200,40898.00109863282,115547.8953704834
2015-10-20,74884.38458251953,200,40838.00048828125,115722.38507080078
2015-10-21,75207.57482910156,200,40600.0,115807.57482910156
2015-10-22,75207.57482910156,200,41267.999267578125,116475.57409667969
2015-10-23,75181.91409301758,200,41732.000732421875,116913.91482543945
2015-10-26,75438.5751953125,200,41635.99853515625,117074.57373046875
2015-10-27,75686.75457763672,200,41555.999755859375,117242.7543334961
2015-10-28,75661.53439331055,200,42022.00012207032,117683.53451538086
2015-10-29,96882.64445495605,100,21000.0,117882.64445495605
2015-10-30,97187.64414978027,100,20905.00030517578,118092.64445495605
2015-11-02,97141.69384765625,100,21160.00061035156,118301.69445800781
2015-11-03,75928.693359375,200,42426.0009765625,118354.6943359375
2015-11-04,54770.69317626953,300,63474.000549316406,118244.69372558594
2015-11-05,33638.692443847656,400,84528.0029296875,118166.69537353516
2015-11-06,12514.691894531246,500,105620.00274658205,118134.6946411133
2015-11-09,-8406.308776855472,600,125526.00402832031,117119.69525146484
2015-11-10,-8406.308776855472,600,125832.00073242188,117425.6919555664
2015-11-11,33375.691955566406,400,83564.00146484375,116939.69342041016
2015-11-12,53887.6018371582,300,61791.00036621094,115678.60220336914
2015-11-13,95360.78202819824,100,20366.99981689453,115727.78184509277
2015-11-16,136724.783493042,-100,-20682.000732421875,116042.78276062012
2015-11-17,157379.78379821777,-200,-41310.00061035156,116069.78318786621
2015-11-18,199353.78282165527,-400,-83947.998046875,115405.78477478027
2015-11-19,220320.7826385498,-500,-104834.99908447266,115485.78355407715
2015-11-20,241382.78215026855,-600,-126371.9970703125,115010.78507995605
2015-11-23,240426.45184326172,-600,-126132.00073242188,114294.45111083984
2015-11-24,218109.36135864258,-500,-105260.00213623045,112849.35922241212
2015-11-25,108654.78248596191,0,0.0,108654.78248596191
2015-11-27,108654.78248596191,0,0.0,108654.78248596191
2015-11-30,108654.78248596191,0,0.0,108654.78248596191
2015-12-01,108654.78248596191,0,0.0,108654.78248596191
2015-12-02,108654.78248596191,0,0.0,108654.78248596191
2015-12-03,108654.78248596191,0,0.0,108654.78248596191
2015-12-04,108654.78248596191,0,0.0,108654.78248596191
2015-12-07,108654.78248596191,0,0.0,108654.78248596191
2015-12-08,129467.78297424316,-100,-20813.00048828125,108654.78248596191
2015-12-09,128000.08187866211,-100,-20649.00054931641,107351.0813293457
2015-12-10,127279.7709197998,-100,-20700.999450683597,106578.77146911621
2015-12-11,125904.79249572754,-100,-20288.999938964844,105615.7925567627
2015-12-14,146322.79176330566,-200,-40835.99853515625,105486.79322814941
2015-12-15,166941.7920074463,-300,-61857.000732421875,105084.79127502441
2015-12-16,166640.17207336426,-300,-62750.999450683594,103889.17262268066
2015-12-17,124256.00108337402,-100,-20608.00018310547,103648.00090026855
2015-12-18,124877.59046936035,-100,-20222.000122070312,104655.59034729004
2015-12-21,104625.83778381348,0,0.0,104625.83778381348
2015-12-22,84055.79724121094,100,20585.00061035156,104640.7978515625
2015-12-23,84002.64761352539,100,20844.000244140625,104846.64785766602
2015-12-24,63319.64743041992,200,41366.00036621094,104685.64779663086
2015-12-28,42685.64779663086,300,61901.99890136719,104587.64669799805
2015-12-29,21834.648345947262,400,83403.99780273439,105238.64614868166
2015-12-30,1137.6482238769495,500,103485.00061035156,104622.64883422852
2015-12-31,-19349.3512878418,600,122921.9970703125,103572.6457824707
2016-01-04,-19349.3512878418,600,121200.0,101850.6487121582
2016-01-05,-19349.3512878418,600,121451.99890136719,102102.64761352539
2016-01-06,20604.64956665038,400,79908.00170898436,100512.65127563474
2016-01-07,59602.6506652832,200,38998.00109863282,98600.65176391602
2016-01-08,78864.6404876709,100,19283.00018310547,98147.64067077637
2016-01-11,98380.47006225586,0,0.0,98380.47006225586
2016-01-12,118174.50103759766,-100,-19452.00042724609,98722.50061035156
2016-01-13,137955.9083557129,-200,-37957.99865722656,99997.90969848633
2016-01-14,123528.59944152832,-100,-19280.00030517578,104248.59913635254
2016-01-15,125342.24969482422,-100,-18874.00054931641,106468.24914550781
2016-01-19,127537.72897338867,-100,-18883.999633789062,108653.72933959961
2016-01-20,129494.40982055664,-100,-18664.99938964844,110829.4104309082
2016-01-21,148256.4093322754,-200,-37523.9990234375,110732.41030883789
2016-01-22,130613.40853881836,-100,-19149.00054931641,111464.40798950195
2016-01-25,133226.89714050293,-100,-18857.000732421875,114369.89640808105
2016-01-26,135033.46641540527,-100,-19113.00048828125,115920.46592712402
2016-01-27,137488.59635925293,-100,-18908.00018310547,118580.59617614746
2016-01-28,122625.67593383789,0,0.0,122625.67593383789
2016-01-29,102902.7869720459,100,19461.99951171875,122364.78648376465
2016-02-01,83442.78636169434,200,38920.00122070312,122362.78758239746
2016-02-02,64333.78672790527,300,57326.99890136719,121660.78562927246
2016-02-03,64422.87629699707,300,57633.000183105476,122055.87648010254
2016-02-04,45169.87641906738,400,77011.99951171875,122181.87593078613
2016-02-05,26284.875808715824,500,94425.0030517578,120709.87886047362
2016-02-08,45358.7264251709,400,74523.99902343749,119882.72544860838
2016-02-09,83579.14624023438,200,37248.00109863282,120827.14733886719
2016-02-10,83774.38740539551,200,37229.99877929688,121004.38618469238
2016-02-11,84192.53660583496,200,36766.00036621094,120958.5369720459
2016-02-12,121702.53721618652,0,0.0,121702.53721618652
2016-02-16,140769.53703308105,-100,-19066.99981689453,121702.53721618652
2016-02-17,122816.53715515137,0,0.0,122816.53715515137
2016-02-18,124432.36727905273,0,0.0,124432.36727905273
2016-02-19,126045.41850280762,0,0.0,126045.41850280762
2016-02-22,146248.34757995605,-100,-19572.000122070312,126676.34745788574
2016-02-23,129717.06867980957,0,0.0,129717.06867980957
2016-02-24,110400.4080657959,100,19422.000122070312,129822.40818786621
2016-02-25,110366.62818908691,100,19650.0,130016.62818908691
2016-02-26,110598.12879943848,100,19614.99938964844,130213.12818908691
2016-02-29,110958.2787322998,100,19450.999450683597,130409.2781829834
2016-03-01,91039.27848815918,200,39838.00048828125,130877.27897644043
2016-03-02,91150.46800231934,200,40014.00146484375,131164.4694671631
2016-03-03,91279.53886413574,200,40155.999755859375,131435.53861999512
2016-03-04,91410.31916809082,200,40295.999145507805,131706.31831359863
2016-03-07,91591.79946899414,200,40335.99853515625,131927.7980041504
2016-03-08,111961.47872924805,100,19938.00048828125,131899.4792175293
2016-03-09,112057.85885620117,100,20041.000366210938,132098.8592224121
2016-03-10,112247.26879882812,100,20052.00042724609,132299.26922607422
2016-03-11,112115.78959655762,100,20383.999633789062,132499.78923034668
2016-03-14,112347.6294708252,100,20355.99975585937,132703.62922668457
2016-03-15,112585.18910217285,100,20322.000122070312,132907.18922424316
2016-03-16,112658.40879821777,100,20452.00042724609,133110.40922546387
2016-03-17,112733.92947387695,100,20580.99975585937,133314.92922973633
2016-03-18,92076.92874145508,200,41314.00146484375,133390.93020629883
2016-03-21,71389.92922973633,300,62060.99853515625,133450.92776489258
2016-03-22,71501.7389831543,300,62025.0,133526.7389831543
2016-03-23,51071.738677978516,400,81720.00122070312,132791.73989868164
2016-03-24,51288.03971862793,400,81671.9970703125,132960.03678894043
2016-03-28,51479.21922302246,400,81723.99902343749,133203.21824645996
2016-03-29,72114.52897644043,300,61877.99835205079,133992.5273284912
2016-03-30,72114.52897644043,300,62139.00146484375,134253.53044128418
2016-03-31,72114.52897644043,300,61994.99816894532,134109.52714538574
2016-04-01,92911.52909851074,200,41594.000244140625,134505.52934265137
2016-04-04,93051.49830627441,200,41457.99865722656,134509.49696350098
2016-04-05,93055.78842163086,200,41051.998901367195,134107.78732299805
2016-04-06,155423.4369506836,-100,-20747.999572753903,134675.4373779297
2016-04-07,155756.3977355957,-100,-20497.000122070312,135259.3976135254
2016-04-08,155756.3977355957,-100,-20558.00018310547,135198.39755249023
2016-04-11,155756.3977355957,-100,-20500.0,135256.3977355957
2016-04-12,176458.3981628418,-200,-41404.00085449218,135054.3973083496
2016-04-13,176362.47773742676,-200,-41820.00122070312,134542.47651672363
2016-04-14,197274.4772491455,-300,-62735.99853515625,134538.47871398926
2016-04-15,175940.69871520996,-200,-41757.99865722656,134182.7000579834
2016-04-18,175566.4492034912,-200,-42061.99951171874,133504.44969177246
2016-04-19,154167.30043029785,-100,-21094.99969482422,133072.30073547363
2016-04-20,110137.30012512207,100,21111.00006103516,131248.30018615723
2016-04-21,68125.30061340332,300,63017.99926757812,131143.29988098145
2016-04-22,26119.300857543945,500,105014.99938964844,131134.30024719238
2016-04-25,5153.300491333008,600,125796.00219726562,130949.30268859863
2016-04-26,5153.300491333008,600,126005.99670410158,131159.29719543457
2016-04-27,26193.29988098145,500,105199.9969482422,131393.29682922366
2016-04-28,47051.300064086914,400,83432.00073242188,130483.30079650879
2016-04-29,88543.30140686035,200,41492.00134277344,130035.30274963379
2016-05-02,109820.76110839844,100,20908.00018310547,130728.7612915039
2016-05-03,130571.84092712402,0,0.0,130571.84092712402
2016-05-04,151268.09239196777,-100,-20607.000732421875,130661.0916595459
2016-05-05,171869.09184265137,-200,-41201.998901367195,130667.09294128418
2016-05-06,192550.09159851074,-300,-62042.99926757812,130507.09233093262
2016-05-09,213251.09104919434,-400,-82803.99780273439,130447.09324645995
2016-05-10,234203.09147644043,-500,-104760.00213623045,129443.08934020998
2016-05-11,189421.77311706543,-300,-62271.002197265625,127150.7709197998
2016-05-12,143898.93312072754,-100,-20766.99981689453,123131.93330383301
2016-05-13,142239.27311706543,-100,-20575.0,121664.27311706543
2016-05-16,119338.27214050293,0,0.0,119338.27214050293
2016-05-17,98738.27214050293,100,20600.0,119338.27214050293
2016-05-18,118093.10098266602,0,0.0,118093.10098266602
2016-05-19,117183.61331176758,0,0.0,117183.61331176758
2016-05-20,115655.47471618652,0,0.0,115655.47471618652
2016-05-23,95264.01513671875,100,20625.999450683597,115890.01458740234
2016-05-24,74370.01489257812,200,41788.00048828125,116158.01538085938
2016-05-25,74437.9545288086,200,42070.00122070312,116507.95574951172
2016-05-26,53394.95526123047,300,63128.997802734375,116523.95306396484
2016-05-27,74763.73483276367,200,42260.00061035156,117023.73544311523
2016-05-31,75008.0350189209,200,42194.000244140625,117202.03526306152
2016-06-01,96316.00514221191,100,21136.99951171875,117453.00465393066
2016-06-02,96458.37489318848,100,21205.99975585937,117664.37464904785
2016-06-03,75323.37428283691,200,42270.00122070312,117593.37550354004
2016-06-06,75417.7244720459,200,42504.00085449218,117921.72532653809
2016-06-07,54140.724044799805,300,63831.001281738274,117971.72532653809
2016-06-08,32795.724349975586,400,85379.99877929688,118175.72312927246
2016-06-09,32795.724349975586,400,85279.99877929688,118075.72312927246
2016-06-10,53914.72459411621,300,63357.000732421875,117271.72532653809
2016-06-13,53914.72459411621,300,62856.001281738274,116770.72587585449
2016-06-14,74828.72453308105,200,41827.99987792969,116656.72441101074
2016-06-15,116582.72538757324,0,0.0,116582.72538757324
2016-06-16,158472.72477722168,-200,-41889.99938964844,116582.72538757324
2016-06-17,134932.37557983398,-100,-20866.000366210938,114066.37521362305
2016-06-20,133822.80424499512,-100,-21003.99932861328,112818.80491638184
2016-06-21,131951.88539123535,-100,-20961.99951171875,110989.8858795166
2016-06-22,130441.12660217285,-100,-20927.00042724609,109514.12617492676
2016-06-23,87382.49594116211,100,21200.0,108582.49594116211
2016-06-24,66961.49526977539,200,40842.00134277344,107803.49661254883
2016-06-27,67523.70545959473,200,40126.0009765625,107649.70643615723
2016-06-28,47085.70497131348,300,61314.00146484375,108399.70643615723
2016-06-29,26305.704666137695,400,83120.00122070312,109425.70588684082
2016-06-30,47655.504974365234,300,63150.0,110805.50497436523
2016-07-01,47803.004486083984,300,63339.00146484375,111142.00595092773
2016-07-05,48163.1350402832,300,62891.99981689453,111055.13485717773
2016-07-06,69336.7749786377,200,42167.999267578125,111504.77424621582
2016-07-07,90631.61460876465,100,21066.000366210938,111697.61497497559
2016-07-08,69245.61454772949,200,42772.00012207032,112017.6146697998
2016-07-11,69378.47479248047,200,42933.99963378906,112312.47442626953
2016-07-12,69442.14533996582,200,43235.99853515625,112678.14387512207
2016-07-13,69660.32423400879,200,43232.000732421875,112892.32496643066
2016-07-14,69757.48399353027,200,43470.00122070312,113227.4852142334
2016-07-15,69757.48399353027,200,43405.999755859375,113163.48374938965
2016-07-18,47994.48350524902,300,65289.00146484375,113283.48497009277
2016-07-19,26255.48356628418,400,86955.99975585938,113211.48332214355
2016-07-20,4424.483810424808,500,109154.99877929686,113579.48258972167
2016-07-21,-17327.51661682128,600,130512.00256347655,113184.48594665527
2016-07-22,4519.483505249031,500,109235.00061035156,113754.48411560059
2016-07-25,26310.48387145997,400,87164.00146484375,113474.48533630371
2016-07-26,48110.48387145997,300,65400.0,113510.48387145996
2016-07-27,69888.48374938965,200,43555.999755859375,113444.48350524902
2016-07-28,91692.48307800293,100,21803.99932861328,113496.48240661621
2016-07-29,113529.48258972168,0,0.0,113529.48258972168
2016-08-01,113529.48258972168,0,0.0,113529.48258972168
2016-08-02,113529.48258972168,0,0.0,113529.48258972168
2016-08-03,113529.48258972168,0,0.0,113529.48258972168
2016-08-04,113529.48258972168,0,0.0,113529.48258972168
2016-08-05,113529.48258972168,0,0.0,113529.48258972168
2016-08-08,113529.48258972168,0,0.0,113529.48258972168
2016-08-09,113529.48258972168,0,0.0,113529.48258972168
2016-08-10,113529.48258972168,0,0.0,113529.48258972168
2016-08-11,113529.48258972168,0,0.0,113529.48258972168
2016-08-12,113529.48258972168,0,0.0,113529.48258972168
2016-08-15,113529.48258972168,0,0.0,113529.48258972168
2016-08-16,113529.48258972168,0,0.0,113529.48258972168
2016-08-17,113529.48258972168,0,0.0,113529.48258972168
2016-08-18,113529.48258972168,0,0.0,113529.48258972168
2016-08-19,113529.48258972168,0,0.0,113529.48258972168
2016-08-22,113529.48258972168,0,0.0,113529.48258972168
2016-08-23,113529.48258972168,0,0.0,113529.48258972168
2016-08-24,113529.48258972168,0,0.0,113529.48258972168
2016-08-25,113529.48258972168,0,0.0,113529.48258972168
2016-08-26,113529.48258972168,0,0.0,113529.48258972168
2016-08-29,113529.48258972168,0,0.0,113529.48258972168
2016-08-30,113529.48258972168,0,0.0,113529.48258972168
2016-08-31,113529.48258972168,0,0.0,113529.48258972168
2016-09-01,113529.48258972168,0,0.0,113529.48258972168
2016-09-02,113529.48258972168,0,0.0,113529.48258972168
2016-09-06,135566.48210144043,-100,-22036.99951171875,113529.48258972168
2016-09-07,133464.2735595703,-100,-22033.00018310547,111431.27337646484
2016-09-08,109410.9333190918,0,0.0,109410.9333190918
2016-09-09,109410.9333190918,0,0.0,109410.9333190918
2016-09-12,131173.93380737305,-100,-21763.00048828125,109410.9333190918
2016-09-13,129016.12222290039,-100,-21447.000122070312,107569.12210083008
2016-09-14,150451.12283325195,-200,-42870.00122070312,107581.12161254883
2016-09-15,172103.12326049805,-300,-64956.001281738274,107147.12197875977
2016-09-16,193665.1227722168,-400,-86247.998046875,107417.1247253418
2016-09-19,215238.1223449707,-500,-107864.99786376952,107373.12448120119
2016-09-20,236813.1223449707,-600,-129450.0,107363.1223449707
2016-09-21,188844.18063354492,-400,-87264.00146484375,101580.17916870117
2016-09-22,140506.90075683594,-200,-43900.0,96606.90075683594
2016-09-23,93347.72695922852,0,0.0,93347.72695922852
2016-09-26,50257.72756958008,200,43089.99938964844,93347.72695922852
2016-09-27,28666.178359985348,300,65027.99835205079,93694.17671203613
2016-09-28,-14913.820419311534,500,108949.9969482422,94036.17652893066
2016-09-29,-14913.820419311534,500,107970.00122070312,93056.18080139159
2016-09-30,-14913.820419311534,500,108779.99877929686,93866.17835998532
2016-10-03,-14913.820419311534,500,108444.99969482422,93531.17927551268
2016-10-04,-14913.820419311534,500,107970.00122070312,93056.18080139159
2016-10-05,28464.179458618153,300,65066.99981689453,93531.17927551268
2016-10-06,50412.07073974608,200,43420.00122070312,93832.07196044919
2016-10-07,72169.17013549803,100,21625.0,93794.17013549803
2016-10-10,72494.4197692871,100,21733.999633789062,94228.41940307616
2016-10-11,93960.42013549803,0,0.0,93960.42013549803
2016-10-12,115453.41940307616,-100,-21492.999267578125,93960.42013549803
2016-10-13,136880.41983032224,-200,-42854.00085449218,94026.41897583005
2016-10-14,158309.41915893552,-300,-64286.997985839844,94022.42117309567
2016-10-17,179667.419342041,-400,-85432.00073242188,94235.41860961911
2016-10-18,201157.41873168942,-500,-107449.9969482422,93707.42178344722
2016-10-19,222700.41799926755,-600,-129257.99560546875,93442.4223937988
2016-10-20,221331.79873657224,-600,-129035.99853515624,92295.800201416
2016-10-21,197654.5906219482,-500,-107580.00183105469,90074.58879089353
2016-10-24,152978.30915832517,-300,-64833.000183105476,88145.3089752197
2016-10-25,86815.62115478514,0,0.0,86815.62115478514
2016-10-26,86815.62115478514,0,0.0,86815.62115478514
2016-10-27,86815.62115478514,0,0.0,86815.62115478514
2016-10-28,86815.62115478514,0,0.0,86815.62115478514
2016-10-31,86815.62115478514,0,0.0,86815.62115478514
2016-11-01,108038.62072753905,-100,-21222.999572753903,86815.62115478514
2016-11-02,107855.08053588866,-100,-21089.99938964844,86765.08114624022
2016-11-03,128857.08096313475,-200,-42004.00085449218,86853.08010864258
2016-11-04,149824.0807800293,-300,-62900.999450683594,86923.0813293457
2016-11-07,171256.08151245117,-400,-85728.0029296875,85528.07858276367
2016-11-08,192787.08126831055,-500,-107654.99877929686,85132.08248901369
2016-11-09,214556.08151245117,-600,-130614.00146484375,83942.08004760742
2016-11-10,168507.08401489258,-400,-87247.998046875,81259.08596801758
2016-11-11,145267.2053527832,-300,-65318.99871826171,79948.20663452148
2016-11-14,121954.72692871094,-200,-43557.99865722656,78396.72827148438
2016-11-15,97357.51600646973,-100,-21952.00042724609,75405.51557922363
2016-11-16,73115.03344726562,0,0.0,73115.03344726562
2016-11-17,51212.27485656738,100,22022.999572753903,73235.27442932129
2016-11-18,51476.50509643555,100,21978.99932861328,73455.50442504883
2016-11-21,51536.29447937012,100,22138.999938964844,73675.29441833496
2016-11-22,29360.29502868652,200,44351.998901367195,73712.29393005371
2016-11-23,7160.29502868652,300,66600.0,73760.29502868652
2016-11-25,-15120.704727172852,400,89123.99902343749,74003.29429626463
2016-11-28,-37303.70491027832,500,110915.00091552734,73611.29600524902
2016-11-29,-59522.705154418945,600,133314.00146484375,73791.2963104248
2016-11-30,52646.88447570801,100,22152.999877929688,74799.8843536377
2016-12-01,75021.41435241699,0,0.0,75021.41435241699
2016-12-02,75021.41435241699,0,0.0,75021.41435241699
2016-12-05,75021.41435241699,0,0.0,75021.41435241699
2016-12-06,75021.41435241699,0,0.0,75021.41435241699
2016-12-07,75021.41435241699,0,0.0,75021.41435241699
2016-12-08,75021.41435241699,0,0.0,75021.41435241699
2016-12-09,52236.41374206543,100,22785.00061035156,75021.41435241699
2016-12-12,29479.413009643555,200,45514.00146484375,74993.4144744873
2016-12-13,6574.412704467773,300,68715.00091552734,75289.41361999512
2016-12-14,-16157.588027954102,400,90928.0029296875,74770.4149017334
2016-12-15,-38965.58821105957,500,114040.00091552734,75074.41270446777
2016-12-16,-61738.58778381348,600,136637.9974365234,74899.40965270993
2016-12-19,-61738.58778381348,600,136889.99633789065,75151.40855407718
2016-12-20,-38833.587478637695,500,114525.0015258789,75691.41404724121
2016-12-21,-16115.58821105957,400,90871.9970703125,74756.40885925293
2016-12-22,6569.412399291989,300,68055.00183105467,74624.41423034667
2016-12-23,29269.41239929199,200,45400.0,74669.41239929199
2016-12-27,52033.412338256836,100,22763.999938964844,74797.41227722168
2016-12-28,74610.41276550293,0,0.0,74610.41276550293
2016-12-29,74610.41276550293,0,0.0,74610.41276550293
2016-12-30,74610.41276550293,0,0.0,74610.41276550293
2017-01-03,74610.41276550293,0,0.0,74610.41276550293
2017-01-04,74610.41276550293,0,0.0,74610.41276550293
2017-01-05,74610.41276550293,0,0.0,74610.41276550293
2017-01-06,74610.41276550293,0,0.0,74610.41276550293
2017-01-09,74610.41276550293,0,0.0,74610.41276550293
2017-01-10,74610.41276550293,0,0.0,74610.41276550293
2017-01-11,74610.41276550293,0,0.0,74610.41276550293
2017-01-12,74610.41276550293,0,0.0,74610.41276550293
2017-01-13,74610.41276550293,0,0.0,74610.41276550293
2017-01-17,74610.41276550293,0,0.0,74610.41276550293
2017-01-18,74610.41276550293,0,0.0,74610.41276550293
2017-01-19,74610.41276550293,0,0.0,74610.41276550293
2017-01-20,74610.41276550293,0,0.0,74610.41276550293
2017-01-23,74610.41276550293,0,0.0,74610.41276550293
2017-01-24,74610.41276550293,0,0.0,74610.41276550293
2017-01-25,74610.41276550293,0,0.0,74610.41276550293
2017-01-26,74610.41276550293,0,0.0,74610.41276550293
2017-01-27,74610.41276550293,0,0.0,74610.41276550293
2017-01-30,74610.41276550293,0,0.0,74610.41276550293
2017-01-31,74610.41276550293,0,0.0,74610.41276550293
2017-02-01,74610.41276550293,0,0.0,74610.41276550293
2017-02-02,74610.41276550293,0,0.0,74610.41276550293
2017-02-03,74610.41276550293,0,0.0,74610.41276550293
2017-02-06,74610.41276550293,0,0.0,74610.41276550293
2017-02-07,74610.41276550293,0,0.0,74610.41276550293
2017-02-08,74610.41276550293,0,0.0,74610.41276550293
2017-02-09,74610.41276550293,0,0.0,74610.41276550293
2017-02-10,74610.41276550293,0,0.0,74610.41276550293
2017-02-13,51190.41307067871,100,23419.99969482422,74610.41276550293
2017-02-14,51330.61282348633,100,23513.999938964844,74844.61276245117
2017-02-15,51445.75312805176,100,23633.999633789062,75079.75276184082
2017-02-16,27823.753005981445,200,47244.000244140625,75067.75325012207
2017-02-17,51903.31221008301,100,23649.00054931641,75552.31275939941
2017-02-21,28111.312393188477,200,47583.99963378906,75695.31202697754
2017-02-22,52248.722885131836,100,23777.999877929688,76026.72276306152
2017-02-23,52467.50263977051,100,23797.000122070312,76264.50276184082
2017-02-24,52676.47331237793,100,23825.999450683597,76502.47276306152
2017-02-27,52877.73226928711,100,23863.00048828125,76740.73275756836
2017-02-28,53176.362884521484,100,23802.999877929688,76979.36276245117
2017-03-01,53095.392639160156,100,24122.000122070312,77217.39276123047
2017-03-02,29112.392456054688,200,47966.00036621094,77078.39282226562
2017-03-03,29112.392456054688,200,47994.000244140625,77106.39270019531
2017-03-06,29112.392456054688,200,47854.00085449218,76966.39331054688
2017-03-07,5255.3917236328125,300,71571.00219726562,76826.39392089844
2017-03-08,-18553.60791015625,400,95235.99853515625,76682.390625
2017-03-09,5493.481719970703,300,71496.00219726562,76989.48391723633
2017-03-10,29563.802459716793,200,47829.99877929688,77393.80123901367
2017-03-13,5634.803131103512,300,71786.99798583984,77421.80111694336
2017-03-14,5634.803131103512,300,71532.00073242188,77166.80386352539
2017-03-15,29673.803070068356,200,48077.99987792969,77751.80294799805
2017-03-16,29673.803070068356,200,48016.00036621094,77689.8034362793
2017-03-17,29673.803070068356,200,47917.999267578125,77591.80233764648
2017-03-20,53601.80294799805,100,23927.999877929688,77529.80282592773
2017-03-21,77227.80239868164,0,0.0,77227.80239868164
2017-03-22,77227.80239868164,0,0.0,77227.80239868164
2017-03-23,77227.80239868164,0,0.0,77227.80239868164
2017-03-24,100766.80233764648,-100,-23538.999938964844,77227.80239868164
2017-03-27,124271.80264282227,-200,-47010.00061035156,77261.8020324707
2017-03-28,147949.80252075195,-300,-71033.99963378906,76915.80288696289
2017-03-29,171662.8030090332,-400,-94852.001953125,76810.8010559082
2017-03-30,195435.8025817871,-500,-118864.99786376952,76570.80471801759
2017-03-31,219162.8030090332,-600,-142362.00256347653,76800.80044555667
2017-04-03,192489.8034362793,-500,-118434.99755859375,74054.80587768555
2017-04-04,113519.80526733398,-200,-47395.999145507805,66123.80612182617
2017-04-05,86838.80551147461,-100,-23627.999877929688,63210.80563354492
2017-04-06,60449.63691711426,0,0.0,60449.63691711426
2017-04-07,60449.63691711426,0,0.0,60449.63691711426
2017-04-10,60449.63691711426,0,0.0,60449.63691711426
2017-04-11,60449.63691711426,0,0.0,60449.63691711426
2017-04-12,60449.63691711426,0,0.0,60449.63691711426
2017-04-13,60449.63691711426,0,0.0,60449.63691711426
2017-04-17,60449.63691711426,0,0.0,60449.63691711426
2017-04-18,60449.63691711426,0,0.0,60449.63691711426
2017-04-19,60449.63691711426,0,0.0,60449.63691711426
2017-04-20,60449.63691711426,0,0.0,60449.63691711426
2017-04-21,60449.63691711426,0,0.0,60449.63691711426
2017-04-24,60449.63691711426,0,0.0,60449.63691711426
2017-04-25,36444.63661193848,100,24005.00030517578,60449.63691711426
2017-04-26,12449.636917114258,200,47989.99938964844,60439.636306762695
2017-04-27,-11559.362716674805,300,72026.99890136719,60467.63618469238
2017-04-28,-35515.36247253418,400,95823.99902343749,60308.636550903306
2017-05-01,-59537.36259460449,500,120110.00061035156,60572.63801574707
2017-05-02,-83568.36235046387,600,144185.99853515622,60617.636184692354
2017-05-03,-83568.36235046387,600,144042.00439453125,60473.64204406738
2017-05-04,-59545.36277770996,500,120114.99786376952,60569.635086059556
2017-05-05,-35419.36332702637,400,96503.99780273439,61084.63447570802
2017-05-08,-11302.363510131836,300,72350.9994506836,61048.63594055176
2017-05-09,12796.637039184574,200,48198.00109863282,60994.6381378174
2017-05-10,36934.63752746582,100,24138.00048828125,61072.63801574707
2017-05-11,61028.637771606445,0,0.0,61028.637771606445
2017-05-12,61028.637771606445,0,0.0,61028.637771606445
2017-05-15,61028.637771606445,0,0.0,61028.637771606445
2017-05-16,61028.637771606445,0,0.0,61028.637771606445
2017-05-17,61028.637771606445,0,0.0,61028.637771606445
2017-05-18,61028.637771606445,0,0.0,61028.637771606445
2017-05-19,61028.637771606445,0,0.0,61028.637771606445
2017-05-22,61028.637771606445,0,0.0,61028.637771606445
2017-05-23,85180.63819885254,-100,-24152.00042724609,61028.637771606445
2017-05-24,109392.63771057129,-200,-48423.9990234375,60968.63868713379
2017-05-25,133719.63813781738,-300,-72981.00128173827,60738.636856079116
2017-05-26,133719.63813781738,-300,-72968.9987182617,60750.63941955568
2017-05-30,105909.63777160645,-200,-48616.00036621094,57293.63740539551
2017-05-31,102688.73960876465,-200,-48579.99877929688,54108.740829467766
2017-06-01,70860.46788024902,-100,-24488.999938964844,46371.46794128418
2017-06-02,18467.438552856445,100,24566.99981689453,43034.43836975098
2017-06-05,-30634.56034851075,300,73652.9983520508,43018.438003540046
2017-06-06,-55119.560958862305,400,97940.00244140624,42820.44148254393
2017-06-07,-79644.5609588623,500,122625.0,42980.439041137695
2017-06-08,-104176.56169128418,600,147192.00439453125,43015.44270324707
2017-06-09,-104176.56169128418,600,146964.00146484375,42787.43977355957
2017-06-12,-30216.770462036133,300,73473.00109863281,43256.23063659668
2017-06-13,-5605.770401000973,200,49222.00012207032,43616.22972106935
2017-06-14,-5605.770401000973,200,49167.999267578125,43562.22886657715
2017-06-15,18932.230087280277,100,24538.00048828125,43470.23057556152
2017-06-16,43450.2293548584,0,0.0,43450.2293548584
2017-06-19,43450.2293548584,0,0.0,43450.2293548584
2017-06-20,43450.2293548584,0,0.0,43450.2293548584
2017-06-21,43450.2293548584,0,0.0,43450.2293548584
2017-06-22,43450.2293548584,0,0.0,43450.2293548584
2017-06-23,43450.2293548584,0,0.0,43450.2293548584
2017-06-26,43450.2293548584,0,0.0,43450.2293548584
2017-06-27,43450.2293548584,0,0.0,43450.2293548584
2017-06-28,43450.2293548584,0,0.0,43450.2293548584
2017-06-29,43450.2293548584,0,0.0,43450.2293548584
2017-06-30,67791.22972106934,-100,-24341.000366210938,43450.2293548584
2017-07-03,92178.22923278809,-200,-48773.9990234375,43404.230209350586
2017-07-05,116617.22917175293,-300,-73316.99981689453,43300.2293548584
2017-07-06,140836.22941589355,-400,-96876.0009765625,43960.228439331055
2017-07-07,165207.23008728027,-500,-121855.0033569336,43352.22673034668
2017-07-10,165207.23008728027,-500,-121970.00122070312,43237.22886657715
2017-07-11,137791.59812927246,-400,-97528.0029296875,40263.59519958496
2017-07-12,109538.59977722168,-300,-73694.99816894533,35843.60160827635
2017-07-13,81277.59971618652,-200,-49205.999755859375,32071.59996032715
2017-07-14,52802.59819030762,-100,-24710.00061035156,28092.59757995606
2017-07-17,-476.3996124267687,100,24714.99938964844,24238.599777221672
2017-07-18,-25212.39967346193,200,49472.00012207032,24259.60044860839
2017-07-19,-50074.39918518068,300,74585.99853515625,24511.59934997557
2017-07-20,-49986.25035095216,300,74622.00164794923,24635.75129699707
2017-07-21,-74841.25065612794,400,99420.00122070312,24578.75056457518
2017-07-24,-99690.25120544435,500,124245.00274658205,24554.751541137695
2017-07-25,-99690.25120544435,500,124535.00366210938,24844.752456665025
2017-07-26,-74776.2512664795,400,99655.99975585938,24879.74848937987
2017-07-27,-49885.25090026857,300,74673.00109863281,24787.750198364243
2017-07-28,-25029.251144409198,200,49711.99951171874,24682.748367309545
2017-07-31,-183.25047302247913,100,24846.00067138672,24662.75019836424
2017-08-01,24715.75007629393,0,0.0,24715.75007629393
2017-08-02,24715.75007629393,0,0.0,24715.75007629393
2017-08-03,24715.75007629393,0,0.0,24715.75007629393
2017-08-04,24715.75007629393,0,0.0,24715.75007629393
2017-08-07,24715.75007629393,0,0.0,24715.75007629393
2017-08-08,24715.75007629393,0,0.0,24715.75007629393
2017-08-09,24715.75007629393,0,0.0,24715.75007629393
2017-08-10,24715.75007629393,0,0.0,24715.75007629393
2017-08-11,24715.75007629393,0,0.0,24715.75007629393
2017-08-14,24715.75007629393,0,0.0,24715.75007629393
2017-08-15,24715.75007629393,0,0.0,24715.75007629393
2017-08-16,49575.75068664549,-100,-24860.00061035156,24715.750076293934
2017-08-17,45836.94911193847,-100,-24480.00030517578,21356.948806762688
2017-08-18,70261.94911193848,-200,-48850.0,21411.949111938477
2017-08-21,94720.94874572754,-300,-73376.99890136719,21343.94984436035
2017-08-22,119420.94874572754,-400,-98800.0,20620.94874572754
2017-08-23,144035.94813537598,-500,-123074.9969482422,20960.951187133775
2017-08-24,144035.94813537598,-500,-122845.00122070312,21190.94691467285
2017-08-25,87452.95100402832,-300,-73853.99780273438,13598.953201293945
2017-08-28,84365.97074890137,-300,-73868.9987182617,10496.972030639663
2017-08-29,56894.971603393555,-200,-49307.99865722656,7586.972946166992
2017-08-30,1872.973007202162,0,0.0,1872.973007202162
2017-08-31,-47955.026870727525,200,49827.99987792969,1872.973007202163
2017-09-01,-47891.298034667954,200,49914.00146484375,2022.7034301757958
2017-09-05,-47506.15797424315,200,49555.999755859375,2049.8417816162255
2017-09-06,-47341.37815856932,200,49722.00012207032,2380.6219635009984
2017-09-07,-22231.76809692381,100,24861.00006103516,2629.23196411135
2017-09-08,-21844.19760131834,100,24819.000244140625,2974.802642822284
2017-09-11,-46934.19699096678,200,50179.99877929688,3245.8017883301
2017-09-12,-72114.19729614256,300,75540.00091552734,3425.80361938478
2017-09-13,-97305.1976623535,400,100764.00146484375,3458.803802490249
2017-09-14,-122487.19839477538,500,125910.00366210938,3422.805267333999
2017-09-15,-122487.19839477538,500,126069.99969482422,3582.8013000488427
2017-09-18,-97216.19772338866,400,101084.00268554688,3867.8049621582177
2017-09-19,-71921.19802856444,300,75884.99908447266,3963.8010559082177
2017-09-20,-46611.197418212876,200,50620.00122070312,4008.8038024902417
2017-09-21,-21375.197357177716,100,25236.00006103516,3860.8027038574437
2017-09-22,3861.802154541034,0,0.0,3861.802154541034
2017-09-25,3861.802154541034,0,0.0,3861.802154541034
2017-09-26,3861.802154541034,0,0.0,3861.802154541034
2017-09-27,3861.802154541034,0,0.0,3861.802154541034
2017-09-28,3861.802154541034,0,0.0,3861.802154541034
2017-09-29,3861.802154541034,0,0.0,3861.802154541034
2017-10-02,3861.802154541034,0,0.0,3861.802154541034
2017-10-03,3861.802154541034,0,0.0,3861.802154541034
2017-10-04,3861.802154541034,0,0.0,3861.802154541034
2017-10-05,3861.802154541034,0,0.0,3861.802154541034
2017-10-06,3861.802154541034,0,0.0,3861.802154541034
2017-10-09,3861.802154541034,0,0.0,3861.802154541034
2017-10-10,3861.802154541034,0,0.0,3861.802154541034
2017-10-11,3861.802154541034,0,0.0,3861.802154541034
2017-10-12,3861.802154541034,0,0.0,3861.802154541034
2017-10-13,3861.802154541034,0,0.0,3861.802154541034
2017-10-16,3861.802154541034,0,0.0,3861.802154541034
2017-10-17,3861.802154541034,0,0.0,3861.802154541034
2017-10-18,3861.802154541034,0,0.0,3861.802154541034
2017-10-19,3861.802154541034,0,0.0,3861.802154541034
2017-10-20,3861.802154541034,0,0.0,3861.802154541034
2017-10-23,3861.802154541034,0,0.0,3861.802154541034
2017-10-24,3861.802154541034,0,0.0,3861.802154541034
2017-10-25,3861.802154541034,0,0.0,3861.802154541034
2017-10-26,3861.802154541034,0,0.0,3861.802154541034
2017-10-27,3861.802154541034,0,0.0,3861.802154541034
2017-10-30,3861.802154541034,0,0.0,3861.802154541034
2017-10-31,3861.802154541034,0,0.0,3861.802154541034
2017-11-01,3861.802154541034,0,0.0,3861.802154541034
2017-11-02,3861.802154541034,0,0.0,3861.802154541034
2017-11-03,3861.802154541034,0,0.0,3861.802154541034
2017-11-06,3861.802154541034,0,0.0,3861.802154541034
2017-11-07,3861.802154541034,0,0.0,3861.802154541034
2017-11-08,3861.802154541034,0,0.0,3861.802154541034
2017-11-09,3861.802154541034,0,0.0,3861.802154541034
2017-11-10,3861.802154541034,0,0.0,3861.802154541034
2017-11-13,3861.802154541034,0,0.0,3861.802154541034
2017-11-14,3861.802154541034,0,0.0,3861.802154541034
2017-11-15,3861.802154541034,0,0.0,3861.802154541034
2017-11-16,3861.802154541034,0,0.0,3861.802154541034
2017-11-17,3861.802154541034,0,0.0,3861.802154541034
2017-11-20,3861.802154541034,0,0.0,3861.802154541034
2017-11-21,3861.802154541034,0,0.0,3861.802154541034
2017-11-22,3861.802154541034,0,0.0,3861.802154541034
2017-11-24,3861.802154541034,0,0.0,3861.802154541034
2017-11-27,3861.802154541034,0,0.0,3861.802154541034
2017-11-28,-22603.19723510741,100,26464.999389648445,3861.802154541034
2017-11-29,-22321.54895019529,100,26448.001098632805,4126.452148437515
2017-11-30,-22298.069305419904,100,26689.00146484375,4390.932159423846
2017-12-01,-48924.07028198241,200,53252.001953125,4327.931671142593
2017-12-04,-75522.0713806152,300,79794.00329589842,4271.931915283218
2017-12-05,-48264.82830810545,200,52997.998046875,4733.169738769553
2017-12-06,-48005.83807373045,200,53009.99755859375,5004.159484863303
2017-12-07,-47820.78991699216,200,53170.00122070311,5349.211303710952
2017-12-08,-20969.939300537084,100,26729.998779296875,5760.059478759791
2017-12-11,-20794.640655517545,100,26822.000122070305,6027.35946655276
2017-12-12,-20567.421020507787,100,26863.00048828125,6295.579467773463
2017-12-13,-20292.7912597656,100,26857.000732421875,6564.2094726562755
2017-12-14,-19920.2203979492,100,26752.999877929695,6832.779479980494
2017-12-15,-19878.691375732404,100,26979.000854492195,7100.309478759791
2017-12-18,-47025.691497802705,200,54294.00024414061,7268.308746337905
2017-12-19,-73938.69198608396,300,80739.00146484375,6800.309478759795
2017-12-20,-100837.69100952146,400,107595.99609375,6758.305084228545
2017-12-21,-127790.69088745114,500,134764.99938964847,6974.308502197324
2017-12-22,-154736.69003295896,600,161675.99487304685,6939.304840087891
2017-12-26,-45948.58151245114,200,53823.9990234375,7875.417510986357
2017-12-27,8161.5388488769895,0,0.0,8161.5388488769895
2017-12-28,8161.5388488769895,0,0.0,8161.5388488769895
2017-12-29,8161.5388488769895,0,0.0,8161.5388488769895
2018-01-02,8161.5388488769895,0,0.0,8161.5388488769895
2018-01-03,8161.5388488769895,0,0.0,8161.5388488769895
2018-01-04,8161.5388488769895,0,0.0,8161.5388488769895
2018-01-05,-19371.459808349566,100,27532.998657226555,8161.5388488769895
2018-01-08,-19157.131408691366,100,27594.000244140625,8436.868835449259
2018-01-09,-18944.19189453121,100,27657.000732421875,8712.808837890665
2018-01-10,-18623.621643066363,100,27613.00048828125,8989.378845214887
2018-01-11,-18543.49078369136,100,27808.999633789055,9265.508850097696
2018-01-12,-18447.401519775358,100,27991.000366210945,9543.598846435587
2018-01-16,-18066.49053955075,100,27889.999389648445,9823.508850097696
2018-01-17,-18065.590423583948,100,28167.999267578125,10102.408843994177
2018-01-18,-17741.91213989254,100,28126.0009765625,10384.088836669958
2018-01-19,-17583.65017700192,100,28248.9990234375,10665.34884643558
2018-01-22,-17525.162261962858,100,28473.001098632812,10947.838836669955
2018-01-23,-17306.432617187467,100,28539.00146484375,11232.568847656283
2018-01-24,-17006.04016113278,100,28523.9990234375,11517.95886230472
2018-01-25,-16731.801757812467,100,28535.000610351562,11803.198852539095
2018-01-26,-16777.451507568327,100,28866.000366210938,12088.54885864261
2018-01-29,-45452.45150756833,200,57350.0,11897.54849243167
2018-01-30,-73817.45089721677,300,85094.99816894531,11277.547271728545
2018-01-31,-102232.4502868652,400,113659.99755859375,11427.547271728545
2018-02-01,-130611.4511413574,500,141895.00427246094,11283.553131103545
2018-02-02,-158364.45101928708,600,166517.99926757815,8153.548248291074
2018-02-05,-158364.45101928708,600,159629.99267578125,1265.5416564941697
2018-02-06,-77241.40029907224,300,81378.0029296875,4136.6026306152635
2018-02-07,-50178.141998290994,200,53917.99926757811,3739.8572692871167
2018-02-08,-24943.55261230466,100,25961.99951171875,1018.4468994140916
2018-02-09,27790.45007324223,-100,-26367.001342773445,1423.4487304687864
2018-02-12,81226.44860839848,-300,-80153.99780273438,1072.4508056641062
2018-02-13,108022.44775390628,-400,-107183.99658203122,838.4511718750582
2018-02-14,135187.44714355472,-500,-135824.99694824222,-637.5498046875
2018-02-15,101946.44982910159,-400,-110007.99560546878,-8061.5457763671875
2018-02-16,62569.470916748076,-300,-82526.99890136717,-19957.527984619097
2018-02-20,24203.559020996094,-200,-54682.00073242189,-30478.441711425796
2018-02-21,-13834.03103637695,-100,-27200.0,-41034.03103637695
2018-02-22,-73500.37860107422,100,27236.99951171875,-46263.37908935547
2018-02-23,-73663.0092163086,100,27672.000122070305,-45991.00909423829
2018-02-26,-73710.28823852539,100,27995.999145507805,-45714.289093017585
2018-02-27,-101358.2893371582,200,55296.00219726561,-46062.28713989259
2018-02-28,-128692.28897094727,300,82001.99890136717,-46690.29006958009
2018-03-01,-128054.95056152344,300,80910.00366210938,-47144.94689941406
2018-03-02,-100010.76943969727,200,54240.00244140625,-45770.766998291016
2018-03-05,-100039.56942749023,200,54840.00244140625,-45199.566986083984
2018-03-06,-72345.36819458008,100,27495.001220703125,-44850.36697387695
2018-03-07,-72060.41757202148,100,27485.000610351555,-44575.41696166993
2018-03-08,-71913.56744384766,100,27613.00048828125,-44300.566955566406
2018-03-09,-72106.43768310547,100,28082.000732421875,-44024.436950683594
2018-03-12,-100165.43731689453,200,56117.99926757811,-44047.43804931642
2018-03-13,-128042.43621826172,300,83630.99670410158,-44411.43951416014
2018-03-14,-155776.43585205078,400,110935.99853515622,-44840.43731689456
2018-03-15,-183481.43463134766,500,138524.99389648438,-44956.44073486328
2018-03-16,-211211.43341064453,600,166379.99267578125,-44831.44073486328
2018-03-19,-211211.43341064453,600,164147.99194335935,-47063.441467285185
2018-03-20,-128767.85525512695,300,82217.99926757811,-46549.85598754884
2018-03-21,-74055.8557434082,100,27355.999755859368,-46699.855987548835
2018-03-22,-20961.855499267593,-100,-26547.000122070305,-47508.8556213379
2018-03-23,-65.91915893556143,-200,-51965.99731445311,-52031.91647338867
2018-03-26,23314.743927001946,-300,-80100.0,-56785.256072998054
2018-03-27,18109.743988037102,-300,-78696.00219726562,-60586.25820922852
2018-03-28,-17143.617401123054,-200,-52323.9990234375,-69467.61642456055
2018-03-29,-52432.37692260742,-100,-26536.99951171875,-78969.37643432617
2018-04-02,-57538.636444091804,-100,-25920.999145507805,-83459.63558959961
2018-04-03,-88831.63418579102,0,0.0,-88831.63418579102
2018-04-04,-94347.05712890625,0,0.0,-94347.05712890625
2018-04-05,-100012.42840576172,0,0.0,-100012.42840576172
2018-04-06,-126169.4291381836,100,26157.000732421875,-100012.42840576172
2018-04-09,-152439.43035888672,200,52540.00244140625,-99899.42791748047
2018-04-10,-152285.24826049805,200,53394.00024414061,-98891.24801635744
2018-04-11,-151873.27703857422,200,53103.99780273439,-98769.27923583983
2018-04-12,-151834.75900268555,200,53558.00170898439,-98276.75729370116
2018-04-13,-151484.96826171875,200,53394.00024414061,-98090.96801757814
2018-04-16,-124520.99813842773,100,26919.000244140625,-97601.99789428711
2018-04-17,-124539.80862426758,100,27207.000732421875,-97332.8078918457
2018-04-18,-151758.8088684082,200,54438.00048828125,-97320.80838012695
2018-04-19,-178830.80899047852,300,81216.00036621092,-97614.80862426759
2018-04-20,-205674.80923461914,400,107376.0009765625,-98298.80825805664
2018-04-23,-232518.80947875977,500,134220.00122070312,-98298.80825805664
2018-04-24,-259007.81094360352,600,158934.0087890625,-100073.80215454102
2018-04-25,-232253.91946411133,500,132710.00671386722,-99543.91275024411
2018-04-26,-205446.49810791016,400,107259.99755859378,-98186.50054931638
2018-04-27,-205446.49810791016,400,107356.005859375,-98090.49224853516
2018-04-30,-152184.4985961914,200,53261.999511718735,-98922.49908447267
2018-05-01,-125183.19104003906,100,26682.998657226555,-98500.1923828125
2018-05-02,-70911.81872558594,-100,-26497.000122070305,-97408.81884765625
2018-05-03,-44471.81933593749,-200,-52879.99877929689,-97351.81811523438
2018-05-04,-17689.818603515618,-300,-80346.00219726562,-98035.82080078125
2018-05-07,-50480.820495605476,-200,-53758.00170898439,-104238.82220458987
2018-05-08,-55637.027435302734,-200,-53735.99853515625,-109373.02597045898
2018-05-09,-88394.02816772461,-100,-27144.000244140625,-115538.02841186523
2018-05-10,-126739.46572875977,0,0.0,-126739.46572875977
2018-05-11,-181633.4659729004,200,54894.00024414061,-126739.46572875978
2018-05-14,-236597.46743774414,400,109928.0029296875,-126669.46450805664
2018-05-15,-263878.4671936035,500,136404.99877929685,-127473.46841430667
2018-05-16,-236324.65744018555,400,109640.00244140622,-126684.65499877933
2018-05-17,-263712.6579284668,500,136940.00244140625,-126772.65548706055
2018-05-18,-263712.6579284668,500,136604.99572753903,-127107.66220092776
2018-05-21,-236118.4487915039,400,110083.99658203122,-126034.45220947269
2018-05-22,-236118.4487915039,400,109788.00048828122,-126330.44830322269
2018-05-23,-236118.4487915039,400,110100.0,-126018.4487915039
2018-05-24,-208643.4487915039,300,82425.0,-126218.4487915039
2018-05-25,-181245.4476928711,200,54796.00219726561,-126449.44549560548
2018-05-29,-153523.97756958008,100,27092.999267578125,-126430.97830200195
2018-05-30,-98613.98001098633,-100,-27454.998779296875,-126068.9787902832
2018-05-31,-98613.98001098633,-100,-27273.001098632805,-125886.98110961914
2018-06-01,-98613.98001098633,-100,-27552.999877929695,-126166.97988891602
2018-06-04,-70932.98025512695,-200,-55361.999511718735,-126294.97976684569
2018-06-05,-104354.25019836426,-100,-27705.999755859368,-132060.24995422363
2018-06-06,-110262.40161132812,-100,-27944.000244140625,-138206.40185546875
2018-06-07,-171868.88410949707,100,27926.0009765625,-143942.88313293457
2018-06-08,-199872.88496398926,200,56008.00170898439,-143864.88325500488
2018-06-11,-227923.88594055176,300,84153.0029296875,-143770.88301086426
2018-06-12,-284101.88887023926,500,140445.00732421875,-143656.8815460205
2018-06-13,-312093.8902130127,600,167952.00805664065,-144141.88215637204
2018-06-14,-312093.8902130127,600,168425.99487304685,-143667.89533996585
2018-06-15,-284062.8904571533,500,140154.99877929685,-143907.89167785647
2018-06-18,-256092.8892364502,400,111880.0048828125,-144212.8843536377
2018-06-19,-228225.88789367676,300,83601.00402832033,-144624.88386535645
2018-06-20,-200300.88789367676,200,55850.0,-144450.88789367676
2018-06-21,-144836.886428833,0,0.0,-144836.886428833
2018-06-22,-116713.56422424316,-100,-27789.00146484375,-144502.5656890869
2018-06-25,-122182.54595947266,-100,-27410.000610351555,-149592.54656982422
2018-06-26,-126864.11747741699,-100,-27347.000122070305,-154211.1175994873
2018-06-27,-131700.38888549805,-100,-27111.99951171875,-158812.3883972168
2018-06-28,-104418.38815307617,-200,-54564.00146484375,-158982.38961791992
2018-06-29,-77113.3893737793,-300,-81914.99633789062,-159028.38571166992
2018-07-02,-49731.38864135742,-400,-109528.0029296875,-159259.39157104492
2018-07-03,-22458.387542724617,-500,-136365.00549316403,-158823.39303588864
2018-07-05,5048.613189697258,-600,-165042.00439453125,-159993.39120483398
2018-07-06,-231.19570922851926,-600,-166325.99487304685,-166557.19058227536
2018-07-09,-67203.66442871092,-400,-111923.99902343747,-179127.66345214838
2018-07-10,-103871.50967407224,-300,-84248.99597167967,-188120.5056457519
2018-07-11,-167479.36582946774,-100,-27873.9990234375,-195353.36485290524
2018-07-12,-203731.88267517087,0,0.0,-203731.88267517087
2018-07-13,-260017.88121032712,200,56285.99853515625,-203731.88267517087
2018-07-16,-316283.8785247802,400,112531.99462890622,-203751.883895874
2018-07-17,-230933.15061950678,100,28247.000122070312,-202686.15049743647
2018-07-18,-230712.68013000482,100,28308.999633789062,-202403.68049621576
2018-07-19,-202120.59049987787,0,0.0,-202120.59049987787
2018-07-20,-202120.59049987787,0,0.0,-202120.59049987787
2018-07-23,-202120.59049987787,0,0.0,-202120.59049987787
2018-07-24,-202120.59049987787,0,0.0,-202120.59049987787
2018-07-25,-202120.59049987787,0,0.0,-202120.59049987787
2018-07-26,-202120.59049987787,0,0.0,-202120.59049987787
2018-07-27,-202120.59049987787,0,0.0,-202120.59049987787
2018-07-30,-202120.59049987787,0,0.0,-202120.59049987787
2018-07-31,-202120.59049987787,0,0.0,-202120.59049987787
2018-08-01,-230408.59098815912,100,28288.00048828125,-202120.59049987787
2018-08-02,-230260.71159362787,100,28423.001098632812,-201837.71049499506
2018-08-03,-230108.4792633056,100,28554.998779296875,-201553.48048400873
2018-08-06,-258773.47865295404,200,57329.998779296875,-201443.47987365717
2018-08-07,-258773.47865295404,200,57494.000244140625,-201279.47840881342
2018-08-08,-258773.47865295404,200,57473.9990234375,-201299.47962951654
2018-08-09,-258773.47865295404,200,57421.9970703125,-201351.48158264154
2018-08-10,-258773.47865295404,200,57014.00146484375,-201759.4771881103
2018-08-13,-230362.4801177978,100,28410.99853515625,-201951.48158264154
2018-08-14,-201769.48085021967,0,0.0,-201769.48085021967
2018-08-15,-201769.48085021967,0,0.0,-201769.48085021967
2018-08-16,-173159.4802398681,-100,-28610.000610351562,-201769.48085021967
2018-08-17,-144455.47938537592,-200,-57408.001708984375,-201863.4810943603
2018-08-20,-115681.48036193842,-300,-86321.9970703125,-202003.47743225092
2018-08-21,-86858.4792633056,-400,-115292.00439453125,-202150.48365783686
2018-08-22,-58036.47914123529,-500,-144110.00061035156,-202146.47975158686
2018-08-23,-91518.22189331049,-400,-115092.00439453125,-206610.22628784174
2018-08-24,-159183.5571289062,-200,-57903.997802734375,-217087.55493164057
2018-08-27,-199501.0378723144,-100,-29180.999755859375,-228682.03762817377
2018-08-28,-240013.3124389648,0,0.0,-240013.3124389648
2018-08-29,-298721.31414794916,200,58708.001708984375,-240013.3124389648
2018-08-30,-357179.31585693354,400,116916.00341796875,-240263.3124389648
2018-08-31,-386423.31610107416,500,146220.00122070312,-240203.31488037104
2018-09-04,-415618.3173217773,600,175170.00732421875,-240448.30999755854
2018-09-05,-415618.3173217773,600,174696.00219726562,-240922.31512451166
2018-09-06,-386587.3175659179,500,145154.99877929688,-241432.31878662104
2018-09-07,-357627.31695556635,400,115840.00244140625,-241787.3145141601
2018-09-10,-328602.31695556635,300,87075.0,-241527.31695556635
2018-09-11,-299480.31683349604,200,58244.000244140625,-241236.3165893554
2018-09-12,-270356.31781005854,100,29123.9990234375,-241232.31878662104
2018-09-13,-241064.3164672851,0,0.0,-241064.3164672851
2018-09-14,-241064.3164672851,0,0.0,-241064.3164672851
2018-09-17,-241064.3164672851,0,0.0,-241064.3164672851
2018-09-18,-241064.3164672851,0,0.0,-241064.3164672851
2018-09-19,-241064.3164672851,0,0.0,-241064.3164672851
2018-09-20,-270640.3174438476,100,29576.0009765625,-241064.3164672851
2018-09-21,-300176.31597900385,200,59071.9970703125,-241104.31890869135
2018-09-24,-329623.31610107416,300,88341.00036621094,-241282.31573486322
2018-09-25,-359039.3164672851,400,117664.00146484375,-241375.31500244135
2018-09-26,-388241.3153686523,500,146009.99450683594,-242231.32086181635
2018-09-27,-388029.2972106933,500,146410.00366210938,-241619.29354858393
2018-09-28,-388029.2972106933,500,146365.00549316406,-241664.29171752924
2018-10-01,-388029.2972106933,500,146934.99755859375,-241094.29965209955
2018-10-02,-358654.2972106933,400,117500.0,-241154.2972106933
2018-10-03,-329259.2959899902,300,88185.00366210938,-241074.2923278808
2018-10-04,-300085.2969665527,200,58347.998046875,-241737.29891967768
2018-10-05,-270981.55746459955,100,28992.999267578125,-241988.55819702143
2018-10-08,-241696.62625122064,0,0.0,-241696.62625122064
2018-10-09,-212482.68722534174,-100,-28958.999633789062,-241441.6868591308
2018-10-10,-184457.68722534174,-200,-56050.0,-240507.68722534174
2018-10-11,-188801.18807983393,-200,-54865.99731445311,-243667.18539428705
2018-10-12,-160998.18820190424,-300,-83408.99963378908,-244407.1878356933
2018-10-15,-133345.18832397455,-400,-110611.99951171878,-243957.18783569333
2018-10-16,-197609.40542602533,-200,-56523.9990234375,-254133.40444946283
2018-10-17,-233460.164276123,-100,-28255.999755859375,-261716.16403198236
2018-10-18,-237229.04238891596,-100,-27851.0009765625,-265080.04336547846
2018-10-19,-239995.945236206,-100,-27826.998901367195,-267822.9441375732
2018-10-22,-242838.5035552978,-100,-27722.000122070305,-270560.5036773681
2018-10-23,-300767.06526184076,100,27557.000732421875,-273210.0645294189
2018-10-24,-327481.0667266845,200,53428.0029296875,-274053.063796997
2018-10-25,-327701.9241485595,200,54403.99780273439,-273297.92634582514
2018-10-26,-326937.9058685302,200,53420.00122070311,-273517.9046478271
2018-10-29,-273399.8067169189,0,0.0,-273399.8067169189
2018-10-30,-246413.80818176264,-100,-26985.99853515625,-273399.8067169189
2018-10-31,-191861.80622863764,-300,-81828.0029296875,-273689.80915832514
2018-11-01,-222604.80854797357,-200,-55084.00268554689,-277688.81123352045
2018-11-02,-225178.39060974115,-200,-54778.0029296875,-279956.39353942865
2018-11-05,-228190.50065612787,-200,-55114.00146484375,-283304.5021209716
2018-11-06,-262631.9304656982,-100,-27716.000366210945,-290347.9308319091
2018-11-07,-298131.77088928217,0,0.0,-298131.77088928217
2018-11-08,-354635.76869201654,200,56503.997802734375,-298131.77088928217
2018-11-09,-382631.76783752436,300,83987.99743652342,-298643.7704010009
2018-11-12,-410082.76881408686,400,109804.00390625,-300278.76490783686
2018-11-13,-437493.7673492431,500,137054.99267578125,-300438.77467346186
2018-11-14,-464714.7664947509,600,163325.99487304685,-301388.7716217041
2018-11-15,-437221.557357788,500,137479.99572753903,-299741.561630249
2018-11-16,-437221.557357788,500,137869.9951171875,-299351.5622406005
2018-11-19,-437221.557357788,500,135565.00244140625,-301656.5549163818
2018-11-20,-356617.42564392084,200,53220.00122070311,-303397.4244232177
2018-11-21,-303225.4273529052,0,0.0,-303225.4273529052
2018-11-23,-248923.46846008295,-200,-53061.999511718735,-301985.4679718017
2018-11-26,-194126.72932434076,-400,-107788.00048828122,-301914.72981262195
2018-11-27,-167094.7285919189,-500,-135160.00366210938,-302254.73225402826
2018-11-28,-255935.15132141107,-200,-55326.0009765625,-311261.1522979736
2018-11-29,-289108.5243682861,-100,-27607.000732421875,-316715.52510070795
2018-11-30,-346026.96412658686,100,27800.0,-318226.96412658686
2018-12-03,-346085.9636383056,100,28136.99951171875,-317948.96412658686
2018-12-04,-373338.9635162353,200,54505.99975585939,-318832.9637603759
2018-12-06,-400520.96424865717,300,81546.00219726562,-318974.96205139154
2018-12-07,-427080.96485900873,400,106240.00244140622,-320840.96241760254
2018-12-10,-426855.36424255365,400,106400.0,-320455.36424255365
2018-12-11,-426594.3630218505,400,106419.9951171875,-320174.367904663
2018-12-12,-399723.3142547607,300,80246.9970703125,-319476.3171844482
2018-12-13,-399723.3142547607,300,80171.9970703125,-319551.3171844482
2018-12-14,-399723.3142547607,300,78719.99816894533,-321003.3160858154
2018-12-17,-425288.3136444091,400,102259.99755859376,-323028.3160858154
2018-12-18,-373905.66474914545,200,51123.9990234375,-322781.66572570795
2018-12-19,-348731.66419982904,100,25174.00054931641,-323557.66365051264
2018-12-20,-324167.92620849604,0,0.0,-324167.92620849604
2018-12-21,-348663.4954833984,100,24235.00061035156,-324428.4948730468
2018-12-24,-322588.57376098627,0,0.0,-322588.57376098627
2018-12-26,-347355.5735778808,100,24766.99981689453,-322588.57376098627
2018-12-27,-372352.9032745361,200,50011.99951171874,-322340.9037628173
2018-12-28,-372029.8437042236,200,49866.00036621094,-322163.84333801264
2018-12-31,-372008.5135803222,200,50322.00012207032,-321686.5134582519
2019-01-02,-371767.903640747,200,50344.000244140625,-321423.9033966064
2019-01-03,-346344.183517456,100,24542.999267578125,-321801.1842498779
2019-01-04,-371750.1832733154,200,50811.99951171874,-320938.1837615966
2019-01-07,-371667.1239471435,200,51154.00085449218,-320513.1230926513
2019-01-08,-371663.35437011713,200,51658.00170898439,-320005.35266113275
2019-01-09,-371525.0625305175,200,51897.998046875,-319627.0644836425
2019-01-10,-371367.57449340814,200,52102.001953125,-319265.57254028314
2019-01-11,-345056.06350708,100,26036.99951171875,-319019.06399536127
2019-01-14,-344669.69253540033,100,25910.99853515625,-318758.6940002441
2019-01-15,-344690.58438110346,100,26191.000366210945,-318499.5840148925
2019-01-16,-344497.674621582,100,26260.000610351555,-318237.6740112304
2019-01-17,-344428.0738830566,100,26452.999877929695,-317975.0740051269
2019-01-18,-344517.5447387695,100,26807.000732421875,-317710.5440063476
2019-01-22,-370967.5447387695,200,52900.0,-318067.5447387695
2019-01-23,-370741.0452270507,200,52976.0009765625,-317765.0442504882
2019-01-24,-343427.0954589843,100,26514.00146484375,-316913.09399414057
2019-01-25,-343397.95397949213,100,26750.0,-316647.95397949213
2019-01-28,-342915.4545898437,100,26535.000610351555,-316380.45397949213
2019-01-29,-342613.1050720214,100,26498.001098632805,-316115.1039733886
2019-01-30,-369536.10617065424,200,53846.00219726561,-315690.1039733886
2019-01-31,-369498.873840332,200,54309.99755859375,-315188.8762817382
2019-02-01,-369242.32629394525,200,54340.00244140625,-314902.323852539
2019-02-04,-369165.62445068354,200,54729.99877929689,-314435.62567138666
2019-02-05,-396647.6251831054,300,82446.00219726562,-314201.6229858398
2019-02-06,-341252.1550598144,100,27441.000366210945,-313811.15469360346
2019-02-07,-340719.7433471679,100,27182.998657226555,-313536.74468994135
2019-02-08,-340477.91519165033,100,27213.00048828125,-313264.9147033691
2019-02-11,-340220.78457641596,100,27227.999877929695,-312992.78469848627
2019-02-12,-340302.50543212885,100,27582.000732421875,-312720.504699707
2019-02-13,-340110.6850585937,100,27666.000366210945,-312444.68469238275
2019-02-14,-339771.02456665033,100,27602.999877929695,-312168.02468872064
2019-02-15,-339807.9950561523,100,27916.000366210945,-311891.99468994135
2019-02-19,-339567.8334655761,100,27954.998779296875,-311612.83468627924
2019-02-20,-339342.28433227533,100,28008.999633789055,-311333.28469848627
2019-02-21,-338974.1938476562,100,27920.999145507805,-311053.1947021484
2019-02-22,-338855.9854431152,100,28082.000732421875,-310773.9847106933
2019-02-25,-366981.9864196777,200,56252.001953125,-310729.9844665527
2019-02-26,-395086.98519897455,300,84314.99633789062,-310771.9888610839
2019-02-27,-423177.9855651855,400,112364.00146484378,-310813.9841003417
2019-02-28,-451209.98629760736,500,140160.00366210938,-311049.982635498
2019-03-01,-451128.66531372064,500,141154.99877929688,-309973.66653442377
2019-03-04,-451128.66531372064,500,140580.00183105472,-310548.6634826659
2019-03-05,-451128.66531372064,500,140399.99389648438,-310728.67141723627
2019-03-06,-338097.7948303222,100,27901.0009765625,-310196.7938537597
2019-03-07,-338097.7948303222,100,27676.0009765625,-310421.7938537597
2019-03-08,-309584.48507690424,0,0.0,-309584.48507690424
2019-03-11,-309584.48507690424,0,0.0,-309584.48507690424
2019-03-12,-309584.48507690424,0,0.0,-309584.48507690424
2019-03-13,-281269.4856872558,-100,-28314.999389648438,-309584.48507690424
2019-03-14,-312634.48812866205,0,0.0,-312634.48812866205
2019-03-15,-314176.8275146484,0,0.0,-314176.8275146484
2019-03-18,-342037.3973999023,100,28541.000366210938,-313496.39703369135
2019-03-19,-370591.3982543945,200,57108.001708984375,-313483.3965454101
2019-03-20,-398930.3997192382,300,85017.00439453125,-313913.395324707
2019-03-21,-427587.4004516601,400,114628.0029296875,-312959.3975219726
2019-03-22,-455703.40081787104,500,140580.00183105472,-315123.3989868163
2019-03-25,-426774.84933471674,400,112364.00146484378,-314410.84786987293
2019-03-26,-398402.9389648437,300,84887.99743652344,-313514.94152832025
2019-03-27,-340880.4090881347,100,28157.998657226562,-312722.41043090814
2019-03-28,-340709.8306884765,100,28269.000244140625,-312440.8304443359
2019-03-29,-369165.8304443359,200,56911.99951171875,-312253.83093261713
2019-04-01,-369210.2713012695,200,57570.001220703125,-311640.27008056635
2019-04-02,-368929.42202758783,200,57584.002685546875,-311345.41934204096
2019-04-03,-368693.5009155273,200,57688.00048828125,-311005.50042724604
2019-04-04,-397606.50140380854,300,86739.00146484375,-310867.4999389648
2019-04-05,-339271.93066406244,100,29045.001220703125,-310226.9294433593
2019-04-08,-368348.92956542963,200,58153.997802734375,-310194.93176269525
2019-04-09,-397275.9284667968,300,86780.99670410156,-310494.93176269525
2019-04-10,-367746.2084655761,200,58044.000244140625,-309702.2082214355
2019-04-11,-367453.9895629882,200,58040.00244140625,-309413.987121582
2019-04-12,-367359.788696289,200,58432.000732421875,-308927.78796386713
2019-04-15,-337675.86077880854,100,29192.001342773438,-308483.8594360351
2019-04-16,-337405.9408874511,100,29214.00146484375,-308191.93942260736
2019-04-17,-307899.7994079589,0,0.0,-307899.7994079589
2019-04-18,-307899.7994079589,0,0.0,-307899.7994079589
2019-04-22,-337129.7981872558,100,29229.998779296875,-307899.7994079589
2019-04-23,-337091.499053955,100,29483.999633789062,-307607.49942016596
2019-04-24,-366513.49917602533,200,58844.000244140625,-307669.4989318847
2019-04-25,-395917.5000305175,300,88212.00256347656,-307705.49746704096
2019-04-26,-425464.50015258783,400,118188.00048828125,-307276.4996643066
2019-04-29,-455043.50100708,500,147895.00427246094,-307148.4967346191
2019-04-30,-484637.50125122064,600,177564.00146484375,-307073.4997863769
2019-05-01,-484637.50125122064,600,176279.99267578125,-308357.5085754394
2019-05-02,-455311.50027465814,500,146630.0048828125,-308681.49539184564
2019-05-03,-425710.49929809564,400,118404.00390625,-307306.49539184564
2019-05-06,-396220.4999084472,300,88469.99816894531,-307750.5017395019
2019-05-07,-338238.49917602533,100,28991.000366210938,-309247.4988098144
2019-05-08,-309035.5917358398,0,0.0,-309035.5917358398
2019-05-09,-279954.0704040527,-100,-28872.000122070312,-308826.070526123
2019-05-10,-281408.14953613275,-100,-29000.0,-310408.14953613275
2019-05-13,-283697.3001403808,-100,-28279.998779296875,-311977.2989196777
2019-05-14,-255165.29940795893,-200,-57064.00146484375,-312229.3008728027
2019-05-15,-226462.29953002924,-300,-86108.99963378906,-312571.2991638183
2019-05-16,-227340.9407653808,-300,-86867.99926757812,-314208.9400329589
2019-05-17,-228793.6007690429,-300,-86369.99816894531,-315163.5989379882
2019-05-20,-259435.95867919916,-200,-57196.002197265625,-316631.9608764648
2019-05-21,-290706.35256958,-100,-28848.001098632812,-319554.35366821283
2019-05-22,-291252.0667114257,-100,-28764.999389648438,-320017.06610107416
2019-05-23,-291930.8255004882,-100,-28405.999755859375,-320336.8252563476
2019-05-24,-291765.1333007812,-100,-28476.0009765625,-320241.1342773437
2019-05-28,-292050.4860839843,-100,-28207.998657226562,-320258.4847412109
2019-05-29,-291791.23477172846,-100,-28023.9990234375,-319815.23379516596
2019-05-30,-290920.8429565429,-100,-28086.99951171875,-319007.84246826166
2019-05-31,-290634.20382690424,-100,-27729.998779296875,-318364.2026062011
2019-06-03,-262996.203338623,-200,-55276.0009765625,-318272.2043151855
2019-06-04,-234752.20309448236,-300,-84732.00073242188,-319484.20382690424
2019-06-05,-206266.2045593261,-400,-113943.994140625,-320210.1986999511
2019-06-06,-177590.2035827636,-500,-143380.0048828125,-320970.2084655761
2019-06-07,-207074.52700805658,-400,-115868.00537109375,-322942.53237915033
2019-06-10,-237279.1056518554,-300,-87300.0,-324579.1056518554
2019-06-11,-296076.9879455566,-100,-29095.001220703125,-325171.9891662597
2019-06-12,-325177.4505004882,0,0.0,-325177.4505004882
2019-06-13,-327586.1568298339,0,0.0,-327586.1568298339
2019-06-14,-356382.537322998,100,29125.0,-327257.537322998
2019-06-17,-355940.2863464355,100,28973.9990234375,-326966.287322998
2019-06-18,-355921.54855346674,100,29245.001220703125,-326676.5473327636
2019-06-19,-355708.0963439941,100,29323.9990234375,-326384.0973205566
2019-06-20,-355692.8562316894,100,29601.998901367188,-326090.8573303222
2019-06-21,-385249.85696411127,200,59114.00146484375,-326135.8554992675
2019-06-24,-384924.28512573236,200,59053.997802734375,-325870.287322998
2019-06-25,-384343.01660156244,200,58482.000732421875,-325861.01586914057
2019-06-26,-354119.5859985351,100,29207.998657226562,-324911.58734130854
2019-06-27,-353947.50723266596,100,29327.999877929688,-324619.50735473627
2019-06-28,-353801.227355957,100,29475.0,-324326.227355957
2019-07-01,-353763.47808837885,100,29732.000732421875,-324031.477355957
2019-07-02,-353557.15844726557,100,29823.001098632812,-323734.15734863275
2019-07-03,-353483.92843627924,100,30048.001098632812,-323435.9273376464
2019-07-05,-383493.9290466308,200,60020.001220703125,-323473.9278259277
2019-07-08,-413348.9278259277,300,89564.99633789062,-323783.93148803705
2019-07-09,-413098.3789367675,300,89708.99963378906,-323389.37930297846
2019-07-10,-412936.348449707,300,90119.99816894531,-322816.35028076166
2019-07-11,-443029.3477172851,400,120371.9970703125,-322657.3506469726
2019-07-12,-443029.3477172851,400,120995.99609375,-322033.3516235351
2019-07-15,-443029.3477172851,400,120983.99658203125,-322045.35113525385
2019-07-16,-473173.3479614257,500,150720.00122070312,-322453.3467407226
2019-07-17,-473173.3479614257,500,149740.00549316406,-323433.34246826166
2019-07-18,-443108.3485717773,400,120259.99755859375,-322848.35101318354
2019-07-19,-413218.34918212885,300,89669.99816894531,-323548.35101318354
2019-07-22,-383260.3505249023,200,59915.997314453125,-323344.35321044916
2019-07-23,-353088.350402832,100,30172.000122070312,-322916.35028076166
2019-07-24,-322771.34906005854,0,0.0,-322771.34906005854
2019-07-25,-322771.34906005854,0,0.0,-322771.34906005854
2019-07-26,-322771.34906005854,0,0.0,-322771.34906005854
2019-07-29,-292449.3489379882,-100,-30322.000122070312,-322771.34906005854
2019-07-30,-326119.907836914,0,0.0,-326119.907836914
2019-07-31,-326119.907836914,0,0.0,-326119.907836914
2019-08-01,-326119.907836914,0,0.0,-326119.907836914
2019-08-02,-296677.90649414057,-100,-29442.001342773438,-326119.907836914
2019-08-05,-299698.069152832,-100,-28557.000732421875,-328255.06988525385
2019-08-06,-270760.0686645507,-200,-57876.0009765625,-328636.0696411132
2019-08-07,-272373.30999755854,-200,-57932.000732421875,-330305.3107299804
2019-08-08,-273401.9916992187,-200,-59055.999755859375,-332457.99145507807
2019-08-09,-275366.4335327148,-200,-58671.9970703125,-334038.4306030273
2019-08-12,-276693.6919860839,-200,-57961.99951171875,-334655.6914978027
2019-08-13,-308105.5713806152,-100,-29427.999877929688,-337533.57125854486
2019-08-14,-310341.0105285644,-100,-28560.000610351562,-338901.01113891596
2019-08-15,-340099.6402893066,0,0.0,-340099.6402893066
2019-08-16,-282121.30200195307,-200,-58115.997314453125,-340237.2993164062
2019-08-19,-342827.21945190424,0,0.0,-342827.21945190424
2019-08-20,-372006.2203063964,100,29179.000854492188,-342827.21945190424
2019-08-21,-371953.42871093744,100,29417.999267578125,-342535.4294433593
2019-08-22,-430767.4301757812,300,88221.00219726562,-342546.42797851557
2019-08-23,-402120.4300537109,200,57294.000244140625,-344826.42980957025
2019-08-26,-431086.4304199218,300,86898.00109863281,-344188.429321289
2019-08-27,-401830.77005004877,200,57709.99755859375,-344120.772491455
2019-08-28,-343604.02005004877,0,0.0,-343604.02005004877
2019-08-29,-345359.66918945307,0,0.0,-345359.66918945307
2019-08-30,-346602.2566223144,0,0.0,-346602.2566223144
2019-09-03,-375362.9884643554,100,29241.000366210938,-346121.9880981445
2019-09-04,-404938.9894409179,200,59152.001953125,-345786.9874877929
2019-09-05,-405030.22894287104,200,59926.0009765625,-345104.22796630854
2019-09-06,-404750.59710693354,200,59965.997314453125,-344784.5997924804
2019-09-09,-404464.768585205,200,59994.000244140625,-344470.7683410644
2019-09-10,-404162.79968261713,200,59990.00244140625,-344172.7972412109
2019-09-11,-373867.848449707,100,30211.99951171875,-343655.8489379882
2019-09-12,-404175.84710693354,200,60615.997314453125,-343559.8497924804
2019-09-13,-434462.8466186523,300,90860.99853515625,-343601.84808349604
2019-09-16,-464660.8477172851,400,120792.00439453125,-343868.84332275385
2019-09-17,-494931.8468627929,500,151354.99572753906,-343576.85113525385
2019-09-18,-525224.8461303711,600,181757.99560546875,-343466.85052490234
2019-09-19,-525224.8461303711,600,181734.0087890625,-343490.8373413086
2019-09-20,-495102.8460083008,500,150610.00061035156,-344492.8453979492
2019-09-23,-464964.84552001953,400,120552.001953125,-344412.84356689453
2019-09-24,-435213.84454345703,300,89253.0029296875,-345960.84161376953
2019-09-25,-375375.8440551758,100,29919.000244140625,-345456.84381103516
2019-09-26,-345277.6550292969,0,0.0,-345277.6550292969
2019-09-27,-315438.06466674805,-100,-29700.0,-345138.06466674805
2019-09-30,-317845.06564331055,-100,-29851.998901367188,-347697.06454467773
2019-10-01,-320914.0229797363,-100,-29491.000366210938,-350405.02334594727
2019-10-02,-324360.2045593262,-100,-28963.00048828125,-353323.2050476074
2019-10-03,-295156.203704834,-200,-58408.001708984375,-353564.20541381836
2019-10-04,-265554.2048034668,-300,-88805.99670410156,-354360.20150756836
2019-10-07,-268714.16372680664,-300,-88407.00073242188,-357121.1644592285
2019-10-08,-271349.7837219238,-300,-87039.00146484375,-358388.7851867676
2019-10-09,-242061.78323364258,-400,-117152.001953125,-359213.7851867676
2019-10-10,-307109.7873840332,-200,-58990.00244140625,-366099.78982543945
2019-10-11,-343776.84298706055,-100,-29789.00146484375,-373565.8444519043
2019-10-14,-347306.9528503418,-100,-29769.000244140625,-377075.9530944824
2019-10-15,-350843.68298339844,-100,-30061.99951171875,-380905.6824951172
2019-10-16,-414036.0546875,100,30007.000732421875,-384029.0539550781
2019-10-17,-474218.0554199219,300,90273.00109863281,-383945.05432128906
2019-10-18,-443508.3657836914,200,59920.001220703125,-383588.3645629883
2019-10-21,-413031.8547973633,100,30175.0,-382856.8547973633
2019-10-22,-412625.1060180664,100,30070.001220703125,-382555.1047973633
2019-10-23,-412411.4055175781,100,30157.000732421875,-382254.40478515625
2019-10-24,-412163.8333129883,100,30210.99853515625,-381952.83477783203
2019-10-25,-411981.72454833984,100,30330.999755859375,-381650.72479248047
2019-10-28,-411848.4157714844,100,30501.0009765625,-381347.4147949219
2019-10-29,-411533.4051513672,100,30491.000366210938,-381042.40478515625
2019-10-30,-411324.4942932129,100,30586.99951171875,-380737.49478149414
2019-10-31,-410928.62490844727,100,30497.000122070312,-380431.62478637695
2019-11-01,-410921.6560058594,100,30795.001220703125,-380126.65478515625
2019-11-04,-410729.70330810547,100,30910.99853515625,-379818.7047729492
2019-11-05,-441603.70233154297,200,61747.998046875,-379855.70428466797
2019-11-06,-472491.7028198242,300,92664.00146484375,-379827.70135498047
2019-11-07,-503489.70391845703,400,123992.00439453125,-379497.6995239258
2019-11-08,-409648.9961242676,100,31067.001342773438,-378581.99478149414
2019-11-11,-409287.32513427734,100,31016.000366210938,-378271.3247680664
2019-11-12,-409030.1650085449,100,31069.000244140625,-377961.1647644043
2019-11-13,-408736.47329711914,100,31085.99853515625,-377650.4747619629
2019-11-14,-408469.6135559082,100,31129.998779296875,-377339.6147766113
2019-11-15,-377028.31478881836,0,0.0,-377028.31478881836
2019-11-18,-377028.31478881836,0,0.0,-377028.31478881836
2019-11-19,-377028.31478881836,0,0.0,-377028.31478881836
2019-11-20,-377028.31478881836,0,0.0,-377028.31478881836
2019-11-21,-377028.31478881836,0,0.0,-377028.31478881836
2019-11-22,-408302.31381225586,100,31273.9990234375,-377028.31478881836
2019-11-25,-408225.57540893555,100,31510.000610351562,-376715.574798584
2019-11-26,-439798.57650756836,200,63146.002197265625,-376652.57431030273
2019-11-27,-471523.57650756836,300,95175.0,-376348.57650756836
2019-11-29,-503129.57626342773,400,126423.9990234375,-376705.57723999023
2019-12-02,-503129.57626342773,400,125364.00146484375,-377765.574798584
2019-12-03,-503129.57626342773,400,124500.0,-378629.57626342773
2019-12-04,-471811.5769958496,300,93953.99780273438,-377857.57919311523
2019-12-05,-377121.5179748535,0,0.0,-377121.5179748535
2019-12-06,-381821.54931640625,0,0.0,-381821.54931640625
2019-12-09,-385792.7200317383,0,0.0,-385792.7200317383
2019-12-10,-389873.62634277344,0,0.0,-389873.62634277344
2019-12-11,-394758.25939941406,0,0.0,-394758.25939941406
2019-12-12,-400179.0888977051,0,0.0,-400179.0888977051
2019-12-13,-431779.1160888672,100,31907.998657226562,-399871.1174316406
2019-12-16,-431484.03817749023,100,31932.000732421875,-399552.03744506836
2019-12-17,-431167.7180480957,100,31935.000610351562,-399232.71743774414
2019-12-18,-430850.3669433594,100,31936.99951171875,-398913.3674316406
2019-12-19,-430667.99645996094,100,32073.9990234375,-398593.99743652344
2019-12-20,-430511.2579345703,100,32238.00048828125,-398273.25744628906
2019-12-23,-462772.25646972656,200,64521.9970703125,-398250.25939941406
2019-12-24,-429893.2668457031,100,32264.999389648438,-397628.2674560547
2019-12-26,-429737.6181945801,100,32432.000732421875,-397305.6174621582
2019-12-27,-462163.6191711426,200,64852.001953125,-397311.6172180176
2019-12-30,-494414.6201477051,300,96753.0029296875,-397661.6172180176
2019-12-31,-494165.10818481445,300,96971.9970703125,-397193.11111450195
2020-01-02,-428643.28817749023,100,32632.000732421875,-396011.28744506836
2020-01-03,-461024.2879333496,200,64761.99951171875,-396262.28842163086
2020-01-06,-460828.4778137207,200,65017.999267578125,-395810.4785461426
2020-01-07,-395036.06744384766,0,0.0,-395036.06744384766
2020-01-08,-395036.06744384766,0,0.0,-395036.06744384766
2020-01-09,-427841.06622314453,100,32804.998779296875,-395036.06744384766
2020-01-10,-427422.01892089844,100,32714.00146484375,-394708.0174560547
2020-01-13,-427323.8767089844,100,32942.999267578125,-394380.87744140625
2020-01-14,-426943.4487915039,100,32892.00134277344,-394051.44744873047
2020-01-15,-426688.5278015137,100,32966.00036621094,-393722.52743530273
2020-01-16,-426632.86682128906,100,33239.99938964844,-393392.8674316406
2020-01-17,-459982.86682128906,200,66700.0,-393282.86682128906
2020-01-21,-493260.86669921875,300,99833.99963378906,-393426.8670654297
