,date,open,high,low,close,volume,average,barCount
0,2016-02-08,186.68,187.01,183.72,186.31,6661800,185.352,28246
1,2016-02-09,184.21,187.87,184.11,186.24,4949000,185.921,22673
2,2016-02-10,187.3,189.24,186.04,186.15,3497900,187.569,13760
3,2016-02-11,183.18,184.96,182.02,183.83,5377600,183.5615,21789
4,2016-02-12,185.84,187.57,184.87,187.55,2971000,186.626,11612
5,2016-02-16,189.76,190.74,188.56,190.67,3092200,189.992,12732
6,2016-02-17,192.12,194.28,191.97,193.83,3527100,193.493,11757
7,2016-02-18,194.2,194.25,192.69,193.05,2296700,193.315,10050
8,2016-02-19,192.15,193.14,191.42,192.93,1812500,192.538,7848
9,2016-02-22,194.85,195.93,194.79,195.72,2223200,195.4555,9831
10,2016-02-23,195.02,195.28,193.16,193.34,2354700,193.9005,10296
11,2016-02-24,191.59,194.5,190.27,194.22,2684900,192.362,12991
12,2016-02-25,194.71,196.53,193.82,196.5,2385300,195.1995,10804
13,2016-02-26,197.58,197.68,195.89,196.15,3303600,196.8725,14030
14,2016-02-29,196.14,197.25,194.42,194.51,2846500,195.8935,15166
15,2016-03-01,196.02,199.2,195.47,199.19,4409400,197.8595,19979
16,2016-03-02,198.79,200.09,198.28,200.07,3561900,199.241,15494
17,2016-03-03,199.79,200.83,199.14,200.78,2648800,199.995,11574
18,2016-03-04,201.08,202.4,200.1,201.48,2909600,201.3285,12172
19,2016-03-07,200.41,202.12,200.29,201.68,3475600,201.1945,12875
20,2016-03-08,200.36,200.96,199.25,199.38,2850400,200.0935,15985
21,2016-03-09,200.39,200.8,199.45,200.41,3029700,200.2105,10609
22,2016-03-10,201.0,202.11,198.46,200.52,3015400,200.063,13742
23,2016-03-11,202.32,203.88,202.2,203.84,2472200,203.126,9419
24,2016-03-14,203.25,204.13,202.85,203.56,3905300,203.5785,20572
25,2016-03-15,202.44,203.28,202.12,203.22,3838100,202.7975,17073
26,2016-03-16,202.64,204.9,202.59,204.52,3177900,203.818,16945
27,2016-03-17,204.35,206.33,203.86,205.81,4227200,205.5125,21268
28,2016-03-18,206.33,206.94,205.96,206.57,4691300,206.522,24364
29,2016-03-21,206.25,207.11,205.96,206.87,2675100,206.683,12902
30,2016-03-22,205.92,207.4,205.73,206.75,3102900,206.806,14277
31,2016-03-23,205.13,205.36,204.05,204.3,2531700,204.7005,12845
32,2016-03-24,203.05,204.2,202.77,204.18,2790200,203.4625,13293
33,2016-03-28,204.67,204.88,203.75,204.31,2011000,204.3775,11293
34,2016-03-29,203.81,206.26,203.43,206.26,2317800,204.9885,11492
35,2016-03-30,207.33,207.91,206.65,207.13,2446200,207.292,11849
36,2016-03-31,206.96,207.45,206.38,206.65,3090600,206.9575,14523
37,2016-04-01,205.39,208.2,205.05,207.97,3379800,206.543,15413
38,2016-04-04,207.92,208.13,206.95,207.29,2686500,207.4185,12094
39,2016-04-05,205.75,206.27,204.93,205.26,2801500,205.5375,14300
40,2016-04-06,205.34,207.54,205.02,207.48,2495700,206.5315,12829
41,2016-04-07,206.22,206.59,204.13,204.97,6119000,205.0485,25812
42,2016-04-08,206.38,206.88,204.92,205.58,2173000,205.935,9803
43,2016-04-11,206.3,207.11,204.95,205.0,2498000,206.0415,12093
44,2016-04-12,205.27,207.32,204.75,207.02,2078000,206.38,9851
45,2016-04-13,208.05,209.16,207.91,209.1,2950800,208.637,13166
46,2016-04-14,209.14,209.66,208.68,209.12,2028200,209.1705,11131
47,2016-04-15,209.12,209.17,208.47,208.79,1915400,208.873,8824
48,2016-04-18,208.2,210.34,208.07,210.31,3118000,209.889,16259
49,2016-04-19,210.81,211.28,210.02,210.95,2270500,210.749,10640
50,2016-04-20,211.03,212.0,210.48,211.11,2179700,211.3775,8025
51,2016-04-21,211.21,211.33,209.73,210.06,2557300,210.4795,12451
52,2016-04-22,209.64,210.35,209.0,210.03,2792200,209.65,13106
53,2016-04-25,209.37,209.69,208.61,209.66,2453800,209.1795,11344
54,2016-04-26,210.13,210.6,209.45,210.01,1978800,209.9165,9384
55,2016-04-27,209.51,210.9,209.14,210.4,2361900,209.99,12708
56,2016-04-28,209.55,210.85,208.03,208.58,2673000,209.7,12513
57,2016-04-29,207.81,208.19,206.1,207.46,3401600,206.988,14801
58,2016-05-02,208.01,209.26,207.48,209.08,2753300,208.4335,14943
59,2016-05-03,207.55,207.86,206.35,207.25,3040000,207.121,13964
60,2016-05-04,206.05,206.89,205.48,206.07,2286700,206.056,10266
61,2016-05-05,206.59,207.01,205.51,206.01,2028700,206.2105,9524
62,2016-05-06,205.13,206.81,204.94,206.81,2131400,205.9135,9645
63,2016-05-09,206.61,207.43,206.43,207.01,2480600,206.952,13112
64,2016-05-10,207.79,209.54,207.72,209.52,2410700,208.8225,12371
65,2016-05-11,208.98,209.4,207.57,207.57,2498600,208.374,15067
66,2016-05-12,208.36,208.55,206.44,207.67,2940600,207.43,15392
67,2016-05-13,207.27,207.91,205.44,205.75,4292800,206.7525,20828
68,2016-05-16,206.0,208.41,205.95,207.83,2417600,207.535,13254
69,2016-05-17,207.53,207.87,205.28,206.0,3045900,206.3655,19246
70,2016-05-18,205.48,207.35,204.69,206.02,3753500,206.0665,20484
71,2016-05-19,205.08,205.58,203.8,205.29,3577300,204.666,18994
72,2016-05-20,205.99,207.16,205.9,206.54,2454400,206.629,12763
73,2016-05-23,206.56,206.9,206.04,206.26,1378500,206.464,7052
74,2016-05-24,207.25,209.32,207.2,208.94,2356100,208.6875,13506
75,2016-05-25,209.75,210.85,209.71,210.35,2222700,210.464,11624
76,2016-05-26,210.55,210.81,210.05,210.43,1864300,210.439,10344
77,2016-05-27,210.61,211.31,210.56,211.3,1530500,210.979,9616
78,2016-05-31,211.66,211.8,210.27,210.97,2775400,211.051,16513
79,2016-06-01,210.25,211.58,209.99,211.37,2658200,210.9965,13302
80,2016-06-02,210.91,212.06,210.33,212.06,2782500,211.2725,16752
81,2016-06-03,211.34,211.8,209.98,211.35,2654500,211.0165,16219
82,2016-06-06,211.82,212.88,211.62,212.52,2342900,212.354,13385
83,2016-06-07,212.66,213.46,212.62,212.77,1975100,213.0905,12514
84,2016-06-08,212.97,213.64,212.81,213.45,1483800,213.3175,7490
85,2016-06-09,212.62,213.35,212.32,213.2,1717200,212.7755,9255
86,2016-06-10,211.58,211.97,210.54,211.19,3061900,211.198,15133
87,2016-06-13,210.47,211.48,209.44,209.52,3429500,210.387,17199
88,2016-06-14,209.12,209.83,208.0,209.14,4163900,208.896,21071
89,2016-06-15,209.62,210.44,208.6,208.77,3261400,209.632,13879
90,2016-06-16,207.81,209.66,206.65,209.45,3469100,208.1915,16961
91,2016-06-17,209.32,209.38,207.9,208.66,2872500,208.72,15801
92,2016-06-20,210.98,211.79,209.91,210.04,3449600,210.841,18936
93,2016-06-21,209.47,210.07,208.96,209.62,1971100,209.5585,11616
94,2016-06-22,209.82,210.69,209.11,209.27,2842600,209.7575,16356
95,2016-06-23,211.02,212.02,210.46,212.0,2341000,211.159,12239
96,2016-06-24,204.87,208.06,203.88,204.49,13754600,205.6655,95598
97,2016-06-27,202.72,202.77,199.79,200.63,7471600,200.96,41377
98,2016-06-28,202.62,204.38,202.26,204.38,6684100,203.0835,31070
99,2016-06-29,206.01,208.1,205.89,207.8,6318600,207.196,32699
100,2016-06-30,208.41,210.72,207.74,210.5,4464300,209.4595,22930
101,2016-07-01,210.57,211.7,210.54,211.13,4299300,211.1815,22924
102,2016-07-05,210.14,210.27,208.9,209.64,5336300,209.495,27992
103,2016-07-06,209.02,210.99,208.25,210.84,5526000,209.9325,25320
104,2016-07-07,211.07,211.84,209.84,210.66,2726600,210.7975,14166
105,2016-07-08,212.24,214.15,212.0,213.86,2909700,213.373,14482
106,2016-07-11,214.41,215.28,214.17,214.67,2850700,214.9015,12955
107,2016-07-12,215.77,216.53,215.49,216.18,3982800,216.1865,22908
108,2016-07-13,216.67,216.7,215.59,216.16,3594900,216.16,20205
109,2016-07-14,217.63,217.91,216.9,217.35,4602600,217.4725,25550
110,2016-07-15,218.02,218.05,216.54,217.03,3148600,217.173,16323
111,2016-07-18,217.18,217.86,216.9,217.63,3705100,217.6045,18047
112,2016-07-19,217.18,217.46,216.88,217.39,1272700,217.1635,6887
113,2016-07-20,217.98,218.6,217.47,218.31,1625000,218.306,8235
114,2016-07-21,218.19,218.47,216.99,217.52,1612400,217.666,9979
115,2016-07-22,217.65,218.56,217.35,218.47,3241500,218.238,18193
116,2016-07-25,218.24,218.31,217.22,217.91,1561000,217.6465,8407
117,2016-07-26,217.82,218.42,217.0,218.0,2748800,217.7035,17886
118,2016-07-27,218.42,218.51,216.88,217.78,3688400,217.744,20939
119,2016-07-28,217.52,218.37,217.0,218.04,1677200,217.7285,9007
120,2016-07-29,217.71,218.79,217.38,218.37,2357700,218.376,11824
121,2016-08-01,218.47,218.9,217.65,218.12,2617900,218.1055,16376
122,2016-08-02,217.91,218.07,215.81,216.83,4295100,216.6475,24474
123,2016-08-03,216.73,217.48,216.39,217.47,2202100,217.0485,12209
124,2016-08-04,217.54,218.02,217.07,217.67,1892700,217.5865,8124
125,2016-08-05,218.51,219.48,218.33,219.4,3167500,219.2305,12644
126,2016-08-08,219.66,219.78,219.0,219.28,1404900,219.319,6926
127,2016-08-09,219.42,220.01,219.05,219.42,1375600,219.5415,6619
128,2016-08-10,219.58,219.67,218.47,218.88,2523500,218.9105,13619
129,2016-08-11,219.54,220.2,219.21,219.89,1558300,219.8965,5771
130,2016-08-12,219.56,219.97,219.26,219.71,1426000,219.613,6168
131,2016-08-15,220.15,220.76,220.15,220.37,1191200,220.5615,5763
132,2016-08-16,219.86,219.93,219.23,219.25,2351600,219.61,12238
133,2016-08-17,219.27,219.79,218.28,219.65,2599400,218.9895,13285
134,2016-08-18,219.61,220.16,219.48,220.16,1684700,219.8705,9282
135,2016-08-19,219.59,220.01,219.0,219.82,1463000,219.6695,7855
136,2016-08-22,219.54,220.06,219.09,219.75,984200,219.585,5407
137,2016-08-23,220.52,220.88,220.17,220.21,1477200,220.526,8037
138,2016-08-24,220.06,220.17,218.64,219.17,1334500,219.5425,7062
139,2016-08-25,218.66,219.45,218.48,218.95,4703000,218.9285,17501
140,2016-08-26,219.16,220.39,217.5,218.56,4060300,218.765,21274
141,2016-08-29,218.71,219.91,218.64,219.6,1431900,219.5485,7723
142,2016-08-30,219.53,219.83,218.61,219.26,1376100,219.124,6792
143,2016-08-31,218.89,219.01,217.73,218.65,2061600,218.4335,11123
144,2016-09-01,218.64,218.99,217.28,218.67,3035100,218.2175,13105
145,2016-09-02,219.7,220.14,218.98,219.63,1738200,219.607,9631
146,2016-09-06,219.95,220.37,219.12,220.37,2317200,219.861,11710
147,2016-09-07,220.11,220.48,219.58,220.33,2570500,220.062,12146
148,2016-09-08,219.89,220.22,219.43,219.81,2737500,219.7955,10878
149,2016-09-09,218.21,218.28,214.48,214.54,6659400,216.44,30060
150,2016-09-12,213.59,218.06,213.54,217.63,4768800,216.0195,23143
151,2016-09-13,216.07,216.37,213.75,214.47,6087200,214.8855,21931
152,2016-09-14,214.53,215.93,213.71,214.35,3888600,214.6675,19608
153,2016-09-15,214.14,216.97,213.96,216.52,2882100,215.801,15050
154,2016-09-16,215.78,216.0,214.87,215.62,4390800,215.4115,20934
155,2016-09-19,216.46,217.21,215.34,215.73,1905500,216.32,10470
156,2016-09-20,216.71,216.91,215.69,215.75,1820900,216.24,9541
157,2016-09-21,216.55,218.36,215.76,218.16,3847900,216.8375,23338
158,2016-09-22,219.36,219.88,219.06,219.5,3516300,219.5485,20163
159,2016-09-23,219.06,219.21,218.23,218.35,2176800,218.761,11391
160,2016-09-26,216.25,216.46,215.24,215.45,2742200,215.726,16943
161,2016-09-27,215.26,216.9,214.84,216.76,2946100,216.2385,17793
162,2016-09-28,217.07,218.03,215.95,217.9,1865100,217.0895,11286
163,2016-09-29,217.64,218.1,215.28,215.94,3655700,216.691,23255
164,2016-09-30,216.88,218.35,216.6,217.56,3469800,217.65,18427
165,2016-10-03,217.05,217.27,216.26,216.89,4374900,216.7755,17557
166,2016-10-04,217.16,217.4,215.23,215.94,3094100,216.255,17839
167,2016-10-05,216.61,217.35,216.56,216.89,2599900,217.011,13597
168,2016-10-06,216.6,217.26,215.96,217.1,2226600,216.7585,8806
169,2016-10-07,217.33,217.58,215.4,216.25,6435200,216.813,35888
170,2016-10-10,217.37,217.93,217.22,217.34,1935800,217.603,10802
171,2016-10-11,216.88,216.95,213.79,214.66,3705900,214.952,19636
172,2016-10-12,214.81,215.53,214.22,214.93,2337100,214.9385,12456
173,2016-10-13,213.35,214.81,212.41,214.27,3801200,213.712,19765
174,2016-10-14,215.39,215.91,214.25,214.29,2710600,214.997,16905
175,2016-10-17,214.29,214.6,213.39,213.58,2595100,213.868,14967
176,2016-10-18,215.46,215.5,214.49,214.9,1449600,215.089,7499
177,2016-10-19,215.23,215.85,214.82,215.43,1530500,215.458,9570
178,2016-10-20,215.1,215.75,214.33,215.06,2039700,215.1385,10286
179,2016-10-21,214.19,215.3,213.99,215.16,1935300,214.8065,9732
180,2016-10-24,216.2,216.53,215.7,216.11,2092800,216.104,8392
181,2016-10-25,215.91,216.2,215.21,215.42,1966100,215.5465,8532
182,2016-10-26,214.42,215.64,214.16,214.97,2236800,214.974,12303
183,2016-10-27,215.81,215.83,214.3,214.38,2643300,214.8985,11254
184,2016-10-28,214.33,215.14,212.93,213.75,3631600,214.0575,20301
185,2016-10-31,214.14,214.39,213.57,213.69,2386700,213.8925,13839
186,2016-11-01,214.13,214.18,210.79,212.23,6055500,212.367,28467
187,2016-11-02,211.85,212.29,210.41,210.9,3196400,211.3385,16443
188,2016-11-03,211.17,211.41,209.64,210.02,2540700,210.5975,13201
189,2016-11-04,210.09,211.07,209.57,209.67,3337300,210.4385,15264
190,2016-11-07,212.65,214.39,212.49,214.32,7080500,213.7175,34789
191,2016-11-08,213.92,216.0,213.6,215.31,5982500,214.9895,37242
192,2016-11-09,213.59,218.34,213.47,217.69,7840400,216.0845,45557
193,2016-11-10,218.58,219.55,216.45,218.12,6806500,217.9645,36764
194,2016-11-11,217.32,217.92,216.55,217.73,5463300,217.3825,34199
195,2016-11-14,218.24,218.5,216.94,217.79,3286100,217.7525,16708
196,2016-11-15,218.28,219.52,218.02,219.52,4748800,218.6795,27625
197,2016-11-16,218.79,219.38,218.67,219.24,3765600,219.074,20711
198,2016-11-17,219.28,220.31,219.17,220.23,4822300,219.868,22196
199,2016-11-18,220.31,220.52,219.53,219.79,2797600,219.8685,15062
200,2016-11-21,220.42,221.44,220.26,221.39,2947800,221.0155,15768
201,2016-11-22,221.79,222.05,220.99,221.76,2757400,221.54,12279
202,2016-11-23,221.25,222.03,221.01,222.0,3263900,221.498,16670
203,2016-11-25,222.36,222.82,222.29,222.81,1732900,222.567,9758
204,2016-11-28,222.44,222.75,221.63,221.83,3754900,222.209,21435
205,2016-11-29,221.8,222.72,221.43,222.19,3332900,222.2525,21028
206,2016-11-30,222.91,223.1,221.53,221.53,5291700,222.325,23756
207,2016-12-01,221.97,221.98,220.42,220.73,2792100,221.114,15225
208,2016-12-02,220.93,221.5,220.52,220.91,2874300,220.9325,16785
209,2016-12-05,221.94,222.67,221.69,222.19,2221700,222.18,13229
210,2016-12-06,222.5,223.02,221.93,222.99,2809600,222.5435,12071
211,2016-12-07,222.83,225.97,222.66,225.87,3198200,224.252,17510
212,2016-12-08,225.87,227.01,225.56,226.41,3679700,226.292,19758
213,2016-12-09,226.74,227.85,226.69,227.85,4169000,227.268,22894
214,2016-12-12,227.73,228.29,227.09,227.57,4077600,227.536,21108
215,2016-12-13,228.38,229.69,228.34,229.05,5236500,229.05,25191
216,2016-12-14,228.74,229.59,226.69,227.32,7421800,228.1375,39429
217,2016-12-15,227.5,229.16,227.34,228.08,4519200,228.385,23609
218,2016-12-16,228.67,228.74,227.33,227.73,4377500,227.906,25719
219,2016-12-19,227.91,228.68,227.76,228.15,3581300,228.2645,14020
220,2016-12-20,228.82,229.24,228.54,229.05,3018200,228.8905,16099
221,2016-12-21,227.67,227.83,227.14,227.18,2390900,227.4555,12430
222,2016-12-22,226.97,227.1,226.29,226.85,1991800,226.682,12209
223,2016-12-23,226.82,227.08,226.58,227.0,2377500,226.8275,9798
224,2016-12-27,227.35,228.1,227.35,227.64,2254100,227.792,12712
225,2016-12-28,227.92,227.95,225.64,225.77,3318000,226.411,16706
226,2016-12-29,225.85,226.25,225.21,225.75,2500700,225.73,12934
227,2016-12-30,226.11,226.2,224.09,224.99,4674500,224.881,27029
228,2017-01-03,226.4,227.2,225.24,226.58,5790400,226.1065,23490
229,2017-01-04,226.96,228.11,226.95,227.95,3677200,227.6455,16786
230,2017-01-05,227.63,227.96,226.85,227.74,2548600,227.479,12752
231,2017-01-06,227.91,229.13,227.28,228.64,2620400,228.391,10142
232,2017-01-09,228.27,228.47,227.81,227.9,2129600,228.1015,10700
233,2017-01-10,227.83,228.83,227.38,227.8,2285800,228.1515,12148
234,2017-01-11,227.75,228.43,226.96,228.41,3201300,227.8205,17562
235,2017-01-12,227.9,228.14,226.32,227.97,3262700,227.4325,17635
236,2017-01-13,228.13,228.79,228.07,228.39,4190700,228.4035,16372
237,2017-01-17,227.71,228.17,227.19,227.64,2943100,227.71,14394
238,2017-01-18,227.91,228.17,227.29,228.08,2600300,227.7875,11602
239,2017-01-19,228.21,228.4,226.79,227.35,2267100,227.514,13119
240,2017-01-20,228.08,228.69,227.44,228.1,2272100,228.005,11685
241,2017-01-23,227.74,228.18,226.66,227.57,2917500,227.334,18084
242,2017-01-24,227.78,229.47,227.65,228.96,2022200,228.6765,10030
243,2017-01-25,230.08,230.97,229.89,230.82,2150700,230.5715,10119
244,2017-01-26,230.78,231.1,230.4,230.75,2968700,230.724,11050
245,2017-01-27,230.8,230.97,230.17,230.4,1951700,230.3885,8240
246,2017-01-30,229.55,229.6,227.79,229.03,3140400,228.586,15171
247,2017-01-31,228.33,228.97,227.72,228.93,3042400,228.371,14400
248,2017-02-01,229.65,229.97,228.33,229.05,4397200,229.054,18178
249,2017-02-02,228.61,229.48,228.22,229.13,2496700,228.8675,15061
250,2017-02-03,230.2,230.93,229.85,230.79,1595700,230.61,7708
251,2017-02-06,230.26,230.73,229.95,230.38,1450600,230.3,7239
252,2017-02-07,230.77,231.06,230.11,230.37,2018200,230.5215,10186
253,2017-02-08,230.0,230.79,229.72,230.65,1715500,230.3295,7205
254,2017-02-09,230.96,232.36,230.93,232.0,2800300,231.881,14778
255,2017-02-10,232.41,233.19,232.3,232.91,2328000,232.818,12174
256,2017-02-13,233.55,234.51,233.5,234.2,2144900,234.0695,11779
257,2017-02-14,234.02,235.15,233.59,235.14,2445500,234.4205,11702
258,2017-02-15,234.91,236.6,234.85,236.34,3453500,235.5835,15377
259,2017-02-16,236.42,236.6,235.33,236.22,3081900,235.96,16981
260,2017-02-17,235.39,236.51,235.39,236.49,1908600,235.885,9611
261,2017-02-21,237.0,238.15,236.99,237.92,2165600,237.709,10388
262,2017-02-22,237.48,238.02,237.3,237.78,2684700,237.71,11032
263,2017-02-23,238.38,238.38,237.02,237.97,1922000,237.8165,10955
264,2017-02-24,236.91,238.26,236.88,238.26,2123000,237.5015,11861
265,2017-02-27,238.11,238.78,237.82,238.63,1866800,238.3985,9592
266,2017-02-28,238.14,238.42,237.5,238.03,2020300,238.051,11164
267,2017-03-01,239.86,241.81,239.85,241.22,4180400,241.1095,24096
268,2017-03-02,241.07,241.08,239.7,239.83,2453500,240.381,12787
269,2017-03-03,239.66,240.11,239.22,239.97,2801300,239.691,13182
270,2017-03-06,238.99,239.6,238.5,239.27,2850800,239.0985,16418
271,2017-03-07,238.84,239.25,238.26,238.57,2252200,238.7455,8490
272,2017-03-08,238.83,239.09,237.87,238.09,2658100,238.582,15969
273,2017-03-09,238.21,238.71,237.22,238.32,2227800,238.151,11004
274,2017-03-10,239.44,239.52,238.06,239.15,2325700,238.904,13462
275,2017-03-13,239.11,239.34,238.73,239.29,1735000,239.042,9909
276,2017-03-14,238.66,238.73,237.66,238.44,2444600,238.214,12609
277,2017-03-15,239.05,240.93,238.78,240.39,3513000,239.8005,17236
278,2017-03-16,240.61,240.7,239.6,240.08,2986600,240.078,16434
279,2017-03-17,240.37,240.49,239.58,239.59,2319500,240.0645,11609
280,2017-03-20,239.56,239.87,238.84,239.28,1961600,239.4355,10696
281,2017-03-21,240.02,240.12,236.07,236.26,4414000,237.27,25520
282,2017-03-22,236.27,237.1,235.56,236.78,3264300,236.396,16113
283,2017-03-23,236.51,237.84,236.1,236.52,5374600,237.08,31514
284,2017-03-24,235.84,236.5,234.43,235.39,3675100,235.762,16616
285,2017-03-27,233.4,235.38,233.1,235.05,2860700,234.4315,14429
286,2017-03-28,234.73,237.28,234.62,236.78,2659500,236.206,15445
287,2017-03-29,236.48,237.29,236.2,237.13,2877600,236.953,12542
288,2017-03-30,236.97,238.01,236.76,237.73,2281200,237.597,11817
289,2017-03-31,237.37,238.0,237.17,237.27,3380500,237.63,18426
290,2017-04-03,237.32,237.52,235.39,236.87,4704300,236.5075,27279
291,2017-04-04,236.47,237.06,236.04,236.98,2538100,236.7035,14555
292,2017-04-05,237.75,238.87,236.05,236.28,5327900,237.815,26982
293,2017-04-06,236.46,237.5,235.92,236.9,2066600,236.8015,9919
294,2017-04-07,236.62,237.49,236.12,236.68,2061400,236.878,10339
295,2017-04-10,236.86,237.73,236.23,236.85,1709300,237.0615,7926
296,2017-04-11,236.37,236.65,234.81,236.55,2430300,235.8355,13966
297,2017-04-12,236.23,236.42,235.25,235.59,3021400,235.7265,17599
298,2017-04-13,235.09,235.95,234.03,234.03,2712700,234.9625,13091
299,2017-04-17,234.58,236.06,234.36,236.06,2431200,235.312,8697
300,2017-04-18,235.19,235.96,234.56,235.35,2400300,235.303,10484
301,2017-04-19,236.02,236.44,234.65,234.94,2084600,235.551,10378
302,2017-04-20,235.65,237.33,235.26,236.73,4093500,236.5855,17612
303,2017-04-21,236.75,236.78,235.61,236.13,2598300,236.244,13628
304,2017-04-24,238.71,238.92,238.12,238.64,5010700,238.54,25011
305,2017-04-25,239.41,240.47,239.31,240.05,3228500,240.0755,16294
306,2017-04-26,240.05,241.05,239.86,239.95,2908700,240.4885,14675
307,2017-04-27,240.29,240.46,239.48,240.09,2983100,240.0615,14395
308,2017-04-28,240.45,240.45,239.45,239.56,1913100,239.8015,9457
309,2017-05-01,240.19,240.68,239.7,240.22,1752700,240.2585,8282
310,2017-05-02,240.39,240.49,239.82,240.31,2397500,240.1545,13423
311,2017-05-03,239.81,240.26,239.22,240.07,4315400,239.826,25228
312,2017-05-04,240.37,240.44,239.28,240.23,3505900,240.028,20186
313,2017-05-05,240.7,241.26,240.2,241.26,1997600,240.6665,10335
314,2017-05-08,241.31,241.45,240.69,241.17,1866000,241.0865,10118
315,2017-05-09,241.48,241.7,240.55,240.99,2542100,241.2115,13976
316,2017-05-10,240.86,241.4,240.66,241.38,1722600,241.1315,7625
317,2017-05-11,240.88,241.08,239.64,240.94,2417600,240.4745,11125
318,2017-05-12,240.61,240.7,240.19,240.57,1895600,240.461,10134
319,2017-05-15,241.0,241.96,240.97,241.79,1914000,241.6025,9061
320,2017-05-16,242.17,242.2,241.14,241.59,3522700,241.6035,13576
321,2017-05-17,239.62,240.13,237.24,237.34,6438300,238.7155,25900
322,2017-05-18,237.19,239.23,236.91,238.19,4235700,238.064,17738
323,2017-05-19,238.81,240.59,238.77,239.86,2509800,239.9055,11007
324,2017-05-22,240.39,241.22,240.33,241.0,1658300,240.8515,7464
325,2017-05-23,241.48,241.75,241.03,241.52,1753100,241.467,8167
326,2017-05-24,241.84,242.25,241.46,242.12,1868500,241.803,9354
327,2017-05-25,242.72,243.61,242.49,243.27,1941400,243.234,9401
328,2017-05-26,243.08,243.42,242.97,243.23,1756700,243.238,9068
329,2017-05-30,242.87,243.32,242.7,243.08,2060600,243.109,10648
330,2017-05-31,243.38,243.43,242.18,242.9,2633000,242.733,11828
331,2017-06-01,243.47,244.89,243.18,244.89,2453000,243.895,11216
332,2017-06-02,244.98,245.91,244.63,245.67,2512100,245.4225,13046
333,2017-06-05,245.54,245.85,245.33,245.51,1488200,245.6395,6282
334,2017-06-06,244.81,245.51,244.67,244.85,2450500,245.0935,14059
335,2017-06-07,245.18,245.48,244.39,245.25,1560300,245.0775,7306
336,2017-06-08,245.33,245.89,244.75,245.32,2032700,245.2635,11255
337,2017-06-09,245.67,246.57,243.48,244.94,5204700,245.5915,17761
338,2017-06-12,244.67,244.98,243.93,244.91,3648000,244.452,19719
339,2017-06-13,245.54,246.19,245.14,246.11,3215300,245.8175,16726
340,2017-06-14,246.43,246.49,244.85,245.84,4949000,245.766,24045
341,2017-06-15,244.24,245.47,243.92,245.38,3244800,244.8555,20711
342,2017-06-16,245.53,245.54,244.37,245.18,4625400,245.0575,21459
343,2017-06-19,246.34,247.49,246.22,247.39,2483000,246.9805,10147
344,2017-06-20,246.99,247.0,245.74,245.78,2380400,246.471,12340
345,2017-06-21,246.17,246.34,245.16,245.68,2389900,245.776,12056
346,2017-06-22,245.71,246.29,245.38,245.6,1919300,245.902,7773
347,2017-06-23,245.69,246.27,245.27,245.85,1822500,245.884,8143
348,2017-06-26,246.66,247.15,245.79,246.0,2389200,246.3635,12748
349,2017-06-27,244.66,245.01,242.94,243.04,3349300,244.064,19656
350,2017-06-28,244.16,245.34,243.86,245.1,2596300,244.8845,15669
351,2017-06-29,245.31,245.36,241.58,243.03,4031700,243.3175,24189
352,2017-06-30,243.91,244.33,243.2,243.41,4211000,243.79,22597
353,2017-07-03,244.51,245.01,243.87,243.87,1837400,244.61,8792
354,2017-07-05,244.25,244.63,243.33,244.39,3874600,244.18,15903
355,2017-07-06,243.53,243.65,241.96,242.19,3389400,242.8905,16266
356,2017-07-07,242.81,243.91,242.64,243.71,1986900,243.4625,9495
357,2017-07-10,243.57,244.42,243.4,243.94,2337200,244.06,10027
358,2017-07-11,243.8,244.17,242.48,243.82,2346700,243.607,12360
359,2017-07-12,244.97,245.84,244.96,245.65,2776300,245.5695,14004
360,2017-07-13,245.69,246.2,245.42,246.03,2323800,245.9425,13102
361,2017-07-14,246.09,247.63,245.97,247.1,1768400,246.8885,7922
362,2017-07-17,247.13,247.58,246.98,247.15,2198300,247.2525,8328
363,2017-07-18,246.72,247.38,246.32,247.36,1926300,246.959,10252
364,2017-07-19,247.71,248.67,247.68,248.62,1522600,248.2935,7668
365,2017-07-20,248.96,249.1,248.15,248.74,3124400,248.7755,15909
366,2017-07-21,248.11,248.57,247.84,248.55,2347600,248.239,11768
367,2017-07-24,248.45,248.65,247.95,248.49,2598100,248.365,13881
368,2017-07-25,249.36,249.48,248.84,249.07,3639500,249.193,21173
369,2017-07-26,249.44,249.48,248.8,249.14,3392700,249.1905,13962
370,2017-07-27,249.66,249.69,247.34,248.91,3130400,248.6495,14894
371,2017-07-28,248.32,248.73,247.8,248.56,1927700,248.319,10308
372,2017-07-31,249.03,249.15,248.2,248.46,2245400,248.619,9880
373,2017-08-01,249.15,249.18,248.48,248.99,1951700,248.8915,9472
374,2017-08-02,249.16,249.28,248.05,249.12,2404200,248.6315,11783
375,2017-08-03,248.98,249.01,248.32,248.68,1635300,248.7405,8273
376,2017-08-04,249.2,249.47,248.65,249.06,1667800,248.9935,8449
377,2017-08-07,249.17,249.55,249.04,249.52,1185800,249.3155,5961
378,2017-08-08,249.19,250.6,248.51,248.97,1575400,249.5595,8371
379,2017-08-09,248.12,248.99,247.73,248.92,1874700,248.392,10164
380,2017-08-10,247.95,248.1,245.35,245.47,3779400,246.6,22285
381,2017-08-11,245.68,246.44,245.39,245.72,2766500,245.8625,13587
382,2017-08-14,247.25,248.45,247.24,248.17,2151400,248.1305,9210
383,2017-08-15,248.67,248.67,247.83,248.15,1582000,248.251,7530
384,2017-08-16,248.77,249.24,248.13,248.6,2504800,248.676,12407
385,2017-08-17,247.91,248.27,244.75,244.8,4556200,246.2955,24076
386,2017-08-18,244.54,245.8,243.83,244.25,3843800,244.5705,16890
387,2017-08-21,244.25,244.82,243.45,244.59,2666800,244.3145,13728
388,2017-08-22,245.21,247.28,245.19,247.0,1943000,246.4755,11458
389,2017-08-23,245.97,246.7,245.81,246.15,2079000,246.302,10226
390,2017-08-24,246.66,246.83,245.39,245.69,1863100,245.9765,9086
391,2017-08-25,246.56,247.27,246.05,246.18,2653700,246.513,13477
392,2017-08-28,246.81,246.85,245.75,246.23,1710000,246.192,8506
393,2017-08-29,244.73,246.81,244.57,246.54,2874300,245.9995,11439
394,2017-08-30,246.5,247.99,246.29,247.73,1736000,247.4085,8556
395,2017-08-31,248.39,249.46,248.3,249.14,3238200,248.94,14811
396,2017-09-01,249.63,250.03,249.38,249.57,3198700,249.7675,16410
397,2017-09-05,248.91,249.19,246.62,247.78,3469500,247.9535,19694
398,2017-09-06,248.55,248.98,247.91,248.61,2231300,248.549,12296
399,2017-09-07,248.96,248.96,248.09,248.61,2944400,248.4905,16695
400,2017-09-08,248.19,248.79,247.99,248.19,2731900,248.3545,14663
401,2017-09-11,249.75,251.01,249.73,250.9,2677400,250.6165,11814
402,2017-09-12,251.35,251.81,251.15,251.8,1693800,251.501,9470
403,2017-09-13,251.42,251.94,251.32,251.91,1918600,251.681,9205
404,2017-09-14,251.51,252.03,251.33,251.82,2491900,251.7805,8460
405,2017-09-15,251.67,252.24,251.54,252.14,2059100,251.9465,7924
406,2017-09-18,252.58,253.09,252.24,252.71,1422800,252.7415,5828
407,2017-09-19,252.96,253.05,252.58,252.95,1982900,252.8935,8324
408,2017-09-20,253.05,253.16,251.9,253.1,3405500,252.76,16911
409,2017-09-21,252.87,252.95,252.16,252.36,2316200,252.58,10789
410,2017-09-22,252.01,252.6,251.99,252.37,1312600,252.2665,6349
411,2017-09-25,252.11,252.52,251.04,251.89,3783700,251.7435,15194
412,2017-09-26,251.1,251.37,250.49,250.75,2617000,250.906,12107
413,2017-09-27,251.6,252.17,250.55,251.73,2781800,251.394,11364
414,2017-09-28,251.41,252.13,251.32,252.0,1727000,251.823,8546
415,2017-09-29,252.02,253.02,251.82,252.93,3248900,252.5725,13744
416,2017-10-02,253.19,253.99,253.11,253.97,3114400,253.603,12119
417,2017-10-03,254.13,254.59,253.93,254.57,1742500,254.264,7304
418,2017-10-04,254.4,255.15,254.28,254.9,2317600,254.758,10408
419,2017-10-05,255.27,256.42,255.12,256.38,3593800,255.987,15054
420,2017-10-06,255.88,256.19,255.6,256.11,4632800,255.8725,25384
421,2017-10-09,256.34,256.42,255.37,255.68,1187800,255.8495,4692
422,2017-10-10,256.35,256.77,255.72,256.34,2179000,256.132,8372
423,2017-10-11,256.21,256.74,256.05,256.71,2822500,256.442,11922
424,2017-10-12,256.35,256.78,256.09,256.34,2214900,256.4305,9929
425,2017-10-13,256.9,257.01,256.49,256.63,1999000,256.789,8238
426,2017-10-16,256.92,257.24,256.54,257.05,2107300,256.869,9292
427,2017-10-17,256.96,257.25,256.72,257.21,1893700,256.987,7553
428,2017-10-18,257.64,257.69,257.24,257.43,1518200,257.4945,6521
429,2017-10-19,256.57,257.55,256.07,257.53,1367700,256.9905,6678
430,2017-10-20,258.48,258.88,258.16,258.85,1560800,258.4865,6483
431,2017-10-23,259.21,259.22,257.75,257.86,2423600,258.3125,9890
432,2017-10-24,258.31,258.56,257.89,258.25,2317000,258.283,9614
433,2017-10-25,257.9,258.04,255.71,257.04,3344900,256.7885,15363
434,2017-10-26,257.75,258.03,257.29,257.35,3320700,257.6275,16554
435,2017-10-27,258.24,259.64,257.9,259.41,1802700,259.0875,7745
436,2017-10-30,258.83,259.35,258.17,258.52,3820100,258.6675,12476
437,2017-10-31,258.94,259.19,258.56,258.81,2384100,258.913,10356
438,2017-11-01,259.8,260.19,258.82,259.23,2150400,259.489,10433
439,2017-11-02,259.17,259.49,257.94,259.37,2933600,258.953,15254
440,2017-11-03,259.54,260.25,259.06,260.18,2086900,259.7775,10938
441,2017-11-06,260.03,260.77,259.99,260.62,2032400,260.491,8988
442,2017-11-07,260.77,261.12,259.87,260.49,3687800,260.416,15726
443,2017-11-08,260.25,261.0,259.94,260.94,3205700,260.5565,11488
444,2017-11-09,259.49,260.16,258.11,259.99,2513100,259.415,15706
445,2017-11-10,259.48,259.97,259.13,259.81,2068900,259.6075,11510
446,2017-11-13,259.06,260.37,259.02,260.1,1957800,259.975,10976
447,2017-11-14,259.14,259.62,258.28,259.58,3080900,259.2125,16635
448,2017-11-15,258.39,258.98,257.38,258.18,2112800,258.2635,10173
449,2017-11-16,259.3,260.82,259.26,260.34,2882600,260.3365,10985
450,2017-11-17,259.88,260.19,259.54,259.63,1889700,259.9345,7995
451,2017-11-20,259.91,260.28,259.61,260.04,1612900,260.037,6889
452,2017-11-21,260.95,261.97,260.87,261.73,1690200,261.6255,7083
453,2017-11-22,261.76,261.91,261.34,261.54,2618300,261.6255,14885
454,2017-11-24,262.06,262.27,261.95,262.09,844900,262.1095,3826
455,2017-11-27,262.18,262.54,261.79,262.01,2375100,262.1535,8484
456,2017-11-28,262.59,264.7,262.45,264.65,1922400,263.59,9516
457,2017-11-29,264.84,265.45,264.0,264.48,2556300,264.6025,10402
458,2017-11-30,265.57,267.87,265.5,266.89,3999400,266.775,17495
459,2017-12-01,266.61,267.14,262.57,266.26,4854300,265.469,26323
460,2017-12-04,268.13,268.65,265.95,265.98,4844100,267.6465,24291
461,2017-12-05,266.23,266.97,264.84,264.99,2534800,265.926,12077
462,2017-12-06,264.61,265.55,264.53,265.05,1975800,265.1165,9604
463,2017-12-07,264.9,266.24,264.77,265.85,4236400,265.7365,22859
464,2017-12-08,266.82,267.37,266.56,267.3,1946000,267.009,10718
465,2017-12-11,267.38,268.23,267.33,268.22,3083400,267.8125,9878
466,2017-12-12,268.42,269.17,268.19,268.63,2669700,268.8005,13801
467,2017-12-13,268.9,269.41,268.51,268.57,2594600,269.0485,14248
468,2017-12-14,268.93,269.07,267.44,267.53,4229800,268.242,16476
469,2017-12-15,268.7,270.25,268.61,269.79,2999700,269.5775,14805
470,2017-12-18,271.3,271.84,271.23,271.47,3615600,271.53,15752
471,2017-12-19,270.48,270.48,269.06,269.13,4362900,269.6105,19421
472,2017-12-20,270.21,270.3,268.66,268.99,2105900,269.3445,9820
473,2017-12-21,269.68,270.34,269.27,269.53,3473900,269.8025,15769
474,2017-12-22,269.57,269.6,268.86,269.46,2857400,269.299,14410
475,2017-12-26,269.04,269.34,268.85,269.12,2169800,269.08,10341
476,2017-12-27,269.3,269.68,268.97,269.29,2628500,269.293,13471
477,2017-12-28,269.81,269.88,269.41,269.79,1981900,269.604,10397
478,2017-12-29,270.5,270.5,268.59,268.85,2671500,269.55,14861
479,2018-01-02,269.84,270.85,269.37,270.85,6797800,270.316,31524
480,2018-01-03,271.05,272.63,270.95,272.42,3018800,272.0685,13165
481,2018-01-04,273.23,274.17,273.11,273.6,2481700,273.7515,11431
482,2018-01-05,274.55,275.56,273.98,275.33,3031700,274.783,15579
483,2018-01-08,275.37,276.11,274.99,275.94,2560900,275.672,11615
484,2018-01-09,276.44,277.26,276.11,276.57,2438900,276.7665,12525
485,2018-01-10,275.72,276.44,274.94,276.13,3470500,275.9355,16115
486,2018-01-11,276.78,278.13,276.59,278.09,2488400,277.4195,12907
487,2018-01-12,278.48,280.15,278.34,279.91,3468800,279.606,15972
488,2018-01-16,281.4,282.15,278.2,278.9,5073600,279.98,25203
489,2018-01-17,280.05,282.11,279.24,281.68,3200100,280.9335,16897
490,2018-01-18,281.57,282.01,280.63,281.26,3034600,281.424,14658
491,2018-01-19,281.86,282.49,281.21,282.49,3347300,281.863,18475
492,2018-01-22,282.21,284.76,282.19,284.73,3793100,283.5485,22186
493,2018-01-23,284.82,285.7,284.48,285.39,2727500,285.2455,15919
494,2018-01-24,286.13,286.8,283.93,285.24,4273300,285.438,25460
495,2018-01-25,286.22,286.35,284.5,285.35,3107000,285.5145,17443
496,2018-01-26,286.35,288.69,286.06,288.66,2586400,287.4165,13342
497,2018-01-29,288.11,288.55,286.62,286.75,4110600,287.6245,24233
498,2018-01-30,284.65,285.39,283.3,283.65,5398400,284.1845,31397
499,2018-01-31,284.8,285.4,282.76,284.15,5042700,284.1115,28445
500,2018-02-01,283.16,285.16,282.77,283.79,3939700,283.974,21580
501,2018-02-02,282.13,282.29,277.44,277.53,5678400,279.7785,31992
502,2018-02-05,275.45,277.86,265.17,266.05,11698500,272.1285,60272
503,2018-02-06,261.88,271.64,260.57,271.26,14149600,266.638,64286
504,2018-02-07,270.46,274.36,269.59,269.59,7571100,271.913,38115
505,2018-02-08,270.0,270.12,259.46,259.62,7951900,265.1535,44421
506,2018-02-09,262.67,265.54,254.76,263.67,13900700,260.007,69467
507,2018-02-12,265.67,268.93,263.82,267.18,5447600,266.8775,28246
508,2018-02-13,265.86,268.56,265.24,267.96,3284300,266.976,16340
509,2018-02-14,266.44,271.98,266.22,271.65,5789400,269.74,22458
510,2018-02-15,273.52,275.02,270.78,275.02,4855900,273.1685,22450
511,2018-02-16,274.33,277.36,274.23,275.09,3896000,275.6875,19773
512,2018-02-20,274.05,275.69,272.52,273.41,4246500,274.1625,26508
513,2018-02-21,273.9,276.73,271.98,272.0,5024700,274.5965,30214
514,2018-02-22,273.13,275.07,271.63,272.37,3915100,273.432,23152
515,2018-02-23,273.82,276.74,273.29,276.72,3889600,274.688,20775
516,2018-02-26,277.96,280.07,277.33,279.96,3200300,278.9115,15756
517,2018-02-27,280.21,281.03,276.41,276.48,5425800,278.762,32993
518,2018-02-28,277.72,278.23,273.33,273.34,4002300,276.34,19072
519,2018-03-01,272.68,275.17,267.95,269.7,7226300,271.125,26856
520,2018-03-02,267.69,271.71,266.77,271.2,4634200,269.2405,20692
521,2018-03-05,269.71,274.91,269.59,274.2,3380300,273.1625,15442
522,2018-03-06,275.29,275.42,273.19,274.95,2896700,274.5385,13104
523,2018-03-07,272.43,275.19,272.23,274.85,3360300,273.7995,12643
524,2018-03-08,275.56,276.26,274.45,276.13,3052400,275.4385,13857
525,2018-03-09,277.77,280.92,277.39,280.82,3737700,279.676,16366
526,2018-03-12,281.32,282.0,280.16,280.59,2746900,280.9535,12359
527,2018-03-13,281.93,282.5,278.11,278.77,3967500,280.0785,19199
528,2018-03-14,279.9,280.11,276.74,277.34,3512000,277.869,16135
529,2018-03-15,278.0,278.66,276.47,277.05,3083000,277.438,14605
530,2018-03-16,277.66,278.53,277.3,277.3,3827300,277.866,15220
531,2018-03-19,276.49,276.51,271.72,273.58,3291500,273.9095,15088
532,2018-03-20,274.01,274.76,273.3,274.06,3430000,274.086,13538
533,2018-03-21,273.98,276.4,273.3,273.56,3518600,274.562,15896
534,2018-03-22,269.67,270.73,265.21,265.47,3741400,268.06,16607
535,2018-03-23,265.99,266.83,259.61,259.83,4950500,263.361,19529
536,2018-03-26,264.07,267.24,261.19,267.0,5832600,264.1705,28895
537,2018-03-27,267.98,268.59,260.61,262.32,4529500,264.963,19757
538,2018-03-28,262.52,264.44,260.36,261.62,4297300,262.253,18114
539,2018-03-29,262.86,267.05,262.07,265.37,4428100,264.644,19117
540,2018-04-02,264.37,264.93,256.43,259.21,5026700,259.507,18578
541,2018-04-03,260.63,263.04,258.6,262.58,5057100,260.7515,19989
542,2018-04-04,258.52,266.17,258.35,265.63,3197700,262.2535,13125
543,2018-04-05,267.35,268.42,266.14,267.48,2697100,267.371,10646
544,2018-04-06,265.26,266.94,259.76,261.57,4433700,263.069,22662
545,2018-04-09,263.23,266.64,262.31,262.7,2370800,264.5695,10504
546,2018-04-10,266.11,267.86,264.79,266.97,3579400,266.62,15044
547,2018-04-11,265.27,267.43,265.18,265.52,2507100,266.07,13418
548,2018-04-12,267.09,268.82,266.87,267.79,2568600,267.9745,13316
549,2018-04-13,269.3,269.37,265.8,266.97,2618800,267.428,11083
550,2018-04-16,268.8,270.03,267.9,269.19,2275900,269.0105,8596
551,2018-04-17,271.18,272.73,270.58,272.07,2159800,271.759,9662
552,2018-04-18,272.54,273.14,271.76,272.19,2364500,272.681,12227
553,2018-04-19,271.48,271.71,269.55,270.72,2395600,270.5065,11129
554,2018-04-20,270.65,270.89,267.45,268.44,2465500,268.8455,11613
555,2018-04-23,269.1,269.72,267.19,268.44,1998300,268.5875,8530
556,2018-04-24,269.55,269.8,263.05,264.89,4289300,265.954,21746
557,2018-04-25,264.7,265.92,262.67,265.42,2924600,264.319,15860
558,2018-04-26,266.6,269.06,266.1,268.15,2150800,267.7235,9525
559,2018-04-27,268.79,269.18,267.3,268.39,2491100,268.4875,10007
560,2018-04-30,269.07,269.7,266.2,266.31,2941500,268.0425,12925
561,2018-05-01,265.78,266.92,263.9,266.83,2480300,265.2525,11030
562,2018-05-02,266.58,267.48,264.53,264.97,2533900,265.984,10061
563,2018-05-03,264.01,265.15,260.81,264.4,3001000,263.1215,15752
564,2018-05-04,263.31,268.6,262.94,267.82,1756800,266.882,9205
565,2018-05-07,268.75,269.84,267.95,268.79,1805800,268.9925,7872
566,2018-05-08,268.33,269.13,266.97,268.68,2894100,268.1495,15068
567,2018-05-09,269.51,271.72,268.95,271.44,2181500,270.6875,11348
568,2018-05-10,272.24,274.27,272.07,273.9,2499400,273.4165,12462
569,2018-05-11,274.04,275.04,273.48,274.47,1633900,274.311,6881
570,2018-05-14,275.22,275.94,274.28,274.82,1623800,275.124,6238
571,2018-05-15,273.45,273.5,271.91,272.81,3028600,272.682,11243
572,2018-05-16,272.98,274.62,272.98,274.1,1819700,273.996,8578
573,2018-05-17,273.82,275.12,272.98,273.88,1896600,274.0655,9043
574,2018-05-18,273.49,273.92,272.81,273.21,1913900,273.463,8009
575,2018-05-21,274.86,275.87,274.46,275.21,1541000,275.212,7433
576,2018-05-22,275.86,276.17,274.13,274.47,1693800,275.423,7094
577,2018-05-23,273.05,275.3,272.91,275.25,1794400,273.9415,9651
578,2018-05-24,274.83,275.12,272.67,274.75,2760000,274.345,12044
579,2018-05-25,274.05,274.76,273.46,273.98,2179000,274.085,8673
580,2018-05-29,272.16,273.04,269.62,270.93,3236800,271.0805,15334
581,2018-05-30,272.45,274.99,272.3,274.55,2626200,273.885,12678
582,2018-05-31,274.09,274.35,272.14,272.73,3187100,273.193,17835
583,2018-06-01,274.32,275.85,274.27,275.53,2474300,275.183,13071
584,2018-06-04,276.4,277.1,276.19,276.81,2321300,276.7095,11155
585,2018-06-05,276.93,277.45,276.1,277.06,1554600,276.9115,6583
586,2018-06-06,277.73,279.47,277.01,279.44,3120200,278.448,15363
587,2018-06-07,279.9,280.24,278.27,279.26,2541300,279.291,12597
588,2018-06-08,278.78,280.18,278.6,280.04,3560100,279.579,16455
589,2018-06-11,280.34,281.33,280.25,280.51,1956400,280.8925,8810
590,2018-06-12,281.03,281.29,280.15,280.89,2549700,280.851,8225
591,2018-06-13,281.13,281.44,279.76,279.92,2317600,280.743,10925
592,2018-06-14,280.91,281.28,280.03,280.71,2530200,280.6335,10722
593,2018-06-15,279.84,280.7,278.55,280.31,3952300,279.643,18084
594,2018-06-18,278.68,279.91,278.13,279.7,2365100,279.345,9316
595,2018-06-19,277.19,278.93,276.69,278.67,2686500,277.9925,13847
596,2018-06-20,279.48,279.91,278.78,279.25,2157000,279.373,12294
597,2018-06-21,279.15,279.15,276.84,277.32,2174700,277.8065,11748
598,2018-06-22,278.89,278.96,277.66,277.89,1805400,278.483,8312
599,2018-06-25,276.6,276.76,272.23,274.1,4365000,274.0295,22307
600,2018-06-26,273.5,274.4,272.64,273.47,2260400,273.6985,11480
601,2018-06-27,274.08,275.72,271.03,271.12,4848300,273.6595,24606
602,2018-06-28,271.08,273.61,270.32,272.82,4844600,271.8885,24044
603,2018-06-29,273.99,275.54,273.05,273.05,5550600,274.4475,25129
604,2018-07-02,271.36,273.94,271.1,273.82,3518800,272.6365,19487
605,2018-07-03,274.75,274.86,272.29,272.73,1155400,274.096,6150
606,2018-07-05,274.05,275.07,272.83,275.07,2135700,274.192,11066
607,2018-07-06,275.03,277.74,274.62,277.21,2029300,276.8405,11137
608,2018-07-09,278.45,279.86,278.42,279.81,3546900,279.365,20000
609,2018-07-10,280.2,280.95,280.01,280.83,1859800,280.529,8953
610,2018-07-11,279.08,279.97,278.44,278.74,3043100,279.138,18858
611,2018-07-12,280.21,281.36,279.54,281.14,2767800,280.7625,15266
612,2018-07-13,281.12,281.89,280.6,281.43,2340900,281.533,9016
613,2018-07-16,281.6,281.74,280.8,281.33,1881300,281.216,8397
614,2018-07-17,280.4,282.87,280.36,282.47,1927500,282.017,9952
615,2018-07-18,282.55,283.15,282.01,283.09,3096400,282.7945,12497
616,2018-07-19,282.27,282.69,281.42,281.92,2332100,282.1555,12168
617,2018-07-20,281.71,282.43,281.45,281.62,4425900,281.895,22414
618,2018-07-23,281.4,282.4,280.98,282.14,1525100,281.979,7474
619,2018-07-24,283.72,284.53,282.6,283.55,1878100,283.625,10252
620,2018-07-25,283.35,286.38,283.27,286.18,2731800,284.5265,12612
621,2018-07-26,285.18,286.11,285.08,285.19,2664300,285.488,11700
622,2018-07-27,285.74,285.8,282.36,283.36,2289600,283.848,11457
623,2018-07-30,283.47,283.65,281.31,281.77,2926300,282.2505,13154
624,2018-07-31,282.83,283.99,282.35,283.28,2362800,283.2345,12203
625,2018-08-01,283.46,284.1,282.11,282.88,2279500,283.1285,12808
626,2018-08-02,281.35,284.56,281.12,284.23,1928200,283.1755,9524
627,2018-08-03,284.53,285.65,284.32,285.55,1639900,285.1335,8577
628,2018-08-06,285.55,286.99,285.2,286.65,2349500,286.398,9249
629,2018-08-07,287.43,288.02,287.25,287.47,3303600,287.7345,19418
630,2018-08-08,287.41,287.94,286.97,287.37,2859400,287.526,15391
631,2018-08-09,287.51,287.99,286.94,287.11,1938900,287.508,9523
632,2018-08-10,285.43,286.04,284.36,285.07,2612200,285.2715,15987
633,2018-08-13,285.47,286.17,283.77,284.11,2880600,284.7025,13043
634,2018-08-14,284.93,286.17,284.5,285.93,2631000,285.5745,14366
635,2018-08-15,284.37,284.47,282.15,283.65,3140800,283.2035,14947
636,2018-08-16,285.36,287.07,285.36,286.1,2664600,286.2415,11273
637,2018-08-17,285.87,287.6,285.4,287.04,2456700,286.6515,11187
638,2018-08-20,287.6,288.01,287.07,287.74,1594000,287.6665,6221
639,2018-08-21,288.31,289.37,288.13,288.23,2005500,288.825,11518
640,2018-08-22,287.91,288.79,287.6,288.22,1722700,288.36,8236
641,2018-08-23,287.97,288.97,287.47,287.73,2054400,288.0025,9988
642,2018-08-24,288.48,289.72,288.41,289.52,1843500,289.3165,9773
643,2018-08-27,290.9,291.97,290.73,291.81,3230100,291.6305,16744
644,2018-08-28,292.39,292.49,291.47,291.89,2316500,291.9005,10919
645,2018-08-29,292.25,293.83,291.96,293.54,2029800,293.2295,9586
646,2018-08-30,293.0,293.46,291.7,292.29,3943500,292.8845,19200
647,2018-08-31,291.93,292.9,291.37,292.44,2285200,292.077,12315
648,2018-09-04,291.94,292.29,290.76,291.95,2848700,291.601,13001
649,2018-09-05,291.5,291.7,289.95,291.16,4898300,290.997,30367
650,2018-09-06,291.19,291.57,289.05,290.31,3411900,290.1985,16892
651,2018-09-07,289.06,290.77,288.77,289.6,4426200,289.8775,20760
652,2018-09-10,290.82,291.11,289.94,290.25,2253500,290.3695,11800
653,2018-09-11,289.4,291.62,289.03,291.22,2420200,290.771,12359
654,2018-09-12,291.13,291.86,290.3,291.24,2254500,291.1445,10178
655,2018-09-13,292.4,293.12,292.09,292.92,1564800,292.678,7923
656,2018-09-14,293.16,293.36,292.1,292.91,2022500,292.8955,10664
657,2018-09-17,292.91,292.94,291.12,291.44,1787700,292.004,9582
658,2018-09-18,291.66,293.69,291.66,293.07,2073100,293.067,10910
659,2018-09-19,293.08,293.8,292.95,293.28,1953500,293.371,9287
660,2018-09-20,294.74,296.07,294.63,295.76,3046700,295.4605,16740
661,2018-09-21,296.57,296.69,295.26,295.36,3053700,296.071,15396
662,2018-09-24,294.79,294.94,293.8,294.47,2799700,294.4265,10646
663,2018-09-25,294.97,295.07,293.92,294.16,2547100,294.3855,12813
664,2018-09-26,293.04,294.41,291.58,292.02,2846900,293.1125,11763
665,2018-09-27,292.57,294.07,292.26,292.82,2157800,293.2605,13504
666,2018-09-28,292.15,293.44,292.1,292.73,3780500,292.7635,17018
667,2018-10-01,294.3,295.1,293.16,293.87,3009900,294.298,15902
668,2018-10-02,293.73,294.54,293.32,293.75,2321500,293.9355,10226
669,2018-10-03,294.92,295.4,293.51,293.95,2765600,294.544,11892
670,2018-10-04,293.39,293.42,289.82,291.74,3274500,291.477,19620
671,2018-10-05,291.87,292.44,288.36,289.93,3695100,290.255,18217
672,2018-10-08,289.17,290.36,287.6,289.94,4979900,289.1665,25355
673,2018-10-09,289.55,291.01,288.93,289.59,4030600,289.9155,23415
674,2018-10-10,288.94,288.99,279.94,280.25,6865600,284.6785,36724
675,2018-10-11,279.23,280.97,272.4,274.33,9429600,277.3635,40951
676,2018-10-12,278.83,279.14,274.39,278.03,6495500,277.2,30049
677,2018-10-15,277.59,279.1,276.37,276.53,2959300,277.726,15539
678,2018-10-16,278.65,282.96,278.13,282.62,3818000,280.751,20991
679,2018-10-17,282.55,283.23,279.63,282.56,4777700,282.1265,24756
680,2018-10-18,281.47,282.13,277.02,278.51,3647800,279.123,19929
681,2018-10-19,279.26,281.37,277.59,278.27,2566200,279.319,13170
682,2018-10-22,279.06,279.41,276.44,277.22,3217900,277.69,20277
683,2018-10-23,272.96,276.89,270.61,275.57,4760800,273.4435,24099
684,2018-10-24,275.39,275.79,266.64,267.14,4252200,271.5145,18652
685,2018-10-25,269.37,273.83,268.2,272.02,3731600,271.2305,16411
686,2018-10-26,267.87,270.74,264.24,267.1,6348300,267.1545,24836
687,2018-10-29,270.84,272.25,261.85,265.61,4343300,267.5815,17922
688,2018-10-30,265.64,270.12,265.08,269.86,7050900,267.6865,31817
689,2018-10-31,272.71,275.24,272.18,272.76,6025300,273.611,25238
690,2018-11-01,273.66,275.76,272.4,275.42,2831300,274.5645,12533
691,2018-11-02,276.75,277.25,271.61,273.89,2808500,274.1115,12203
692,2018-11-05,274.58,276.04,273.39,275.57,5022100,274.927,18413
693,2018-11-06,275.4,277.34,275.31,277.16,2111200,276.409,8851
694,2018-11-07,279.63,283.23,279.18,283.13,5514200,281.3405,21604
695,2018-11-08,282.3,283.33,281.35,282.52,3317400,282.4265,14898
696,2018-11-09,281.15,281.34,278.25,279.96,4696600,280.0925,17188
697,2018-11-12,279.25,279.51,274.01,274.51,3111600,275.999,11608
698,2018-11-13,275.11,277.37,273.26,274.11,3372500,274.901,14897
699,2018-11-14,276.2,276.65,270.43,272.21,3590700,273.2355,17223
700,2018-11-15,270.81,275.57,268.95,274.96,5237900,272.7215,25902
701,2018-11-16,273.83,276.73,273.29,275.74,2790500,275.207,12157
702,2018-11-19,275.11,275.37,270.08,271.13,2984500,271.7705,10840
703,2018-11-20,267.31,268.96,265.09,266.1,5578400,266.7835,19147
704,2018-11-21,267.8,269.09,266.96,266.96,2768000,268.182,12861
705,2018-11-23,265.1,266.76,265.02,265.31,1306200,265.84,5390
706,2018-11-26,267.76,269.53,267.31,269.47,2714800,268.6305,12191
707,2018-11-27,268.45,270.35,267.62,270.32,3632000,269.4045,13928
708,2018-11-28,271.61,276.63,270.52,276.63,4623700,273.6315,15727
709,2018-11-29,275.78,277.63,274.49,276.07,2794800,276.11,11429
710,2018-11-30,275.86,278.38,275.5,278.0,5672300,277.117,22838
711,2018-12-03,282.43,282.58,279.59,281.37,4831900,280.92,18426
712,2018-12-04,280.49,280.93,271.94,272.53,4434200,275.4285,16479
713,2018-12-06,267.92,271.97,264.36,271.82,7341200,267.986,25475
714,2018-12-07,271.45,273.27,264.59,265.6,4858400,267.666,19235
715,2018-12-10,265.34,267.12,260.5,266.0,5936900,264.373,18766
716,2018-12-11,269.61,269.82,264.41,266.05,4083100,266.9705,12396
717,2018-12-12,269.48,270.94,267.35,267.49,3418700,269.3925,12376
718,2018-12-13,268.44,269.46,266.07,267.24,4509800,267.3475,16367
719,2018-12-14,264.9,265.97,261.75,262.4,5247000,263.7515,18469
720,2018-12-17,259.98,261.11,253.94,255.65,5945700,257.772,19469
721,2018-12-18,257.67,258.35,253.71,255.62,8184200,256.757,25211
722,2018-12-19,255.59,259.83,249.73,251.74,9649400,254.9125,36147
723,2018-12-20,250.22,251.94,244.98,247.43,10297000,248.5225,40018
724,2018-12-21,248.55,251.41,241.72,242.35,11594100,245.9925,46355
725,2018-12-24,240.8,242.0,236.04,236.09,5653000,238.8925,20165
726,2018-12-26,237.67,247.76,235.46,247.67,11309800,240.9155,49969
727,2018-12-27,244.33,250.06,240.67,250.06,10950100,243.9875,32815
728,2018-12-28,251.03,252.88,247.94,249.33,9142000,250.192,28890
729,2018-12-31,251.04,251.63,248.99,251.61,8061000,250.462,26857
730,2019-01-02,247.54,252.7,247.42,251.72,4033200,250.775,19592
731,2019-01-03,249.77,250.03,245.08,245.43,4648800,247.138,20894
732,2019-01-04,249.06,254.59,248.64,254.06,4876900,252.2635,19725
733,2019-01-07,254.22,257.46,253.21,255.77,4612400,255.8415,20550
734,2019-01-08,258.38,258.82,255.52,258.29,4506400,257.406,22874
735,2019-01-09,259.09,260.48,257.72,259.49,3092700,259.435,13556
736,2019-01-10,257.82,260.7,257.08,260.51,3465900,259.301,13618
737,2019-01-11,259.24,260.52,258.57,260.37,3582800,259.7345,14703
738,2019-01-14,258.4,259.81,257.95,259.11,2812900,259.2265,10929
739,2019-01-15,259.37,262.2,259.37,261.91,3267600,261.2485,12065
740,2019-01-16,262.36,263.52,262.16,262.6,3615900,262.893,16614
741,2019-01-17,261.62,265.46,261.52,264.53,3342500,263.6295,15296
742,2019-01-18,266.54,268.57,265.7,268.07,5906400,267.3015,26872
743,2019-01-22,266.37,266.59,262.64,264.5,5221900,264.405,22752
744,2019-01-23,265.62,266.34,262.26,264.88,5117800,264.2435,25229
745,2019-01-24,264.79,265.77,263.67,265.14,3259800,264.7545,13169
746,2019-01-25,267.19,268.27,266.71,267.5,2888100,267.561,13412
747,2019-01-28,265.0,265.41,263.35,265.35,3615800,264.592,16632
748,2019-01-29,265.47,266.1,264.07,264.98,3517500,264.99,14663
749,2019-01-30,266.67,270.12,265.85,269.23,4209300,268.205,20482
750,2019-01-31,269.12,272.03,268.91,271.55,5305400,271.006,23118
751,2019-02-01,271.8,272.84,270.83,271.7,3393700,271.74,13379
752,2019-02-04,271.77,273.67,270.98,273.65,2523100,272.4535,11558
753,2019-02-05,274.12,275.08,273.54,274.82,3402500,274.5175,12858
754,2019-02-06,274.44,274.98,273.57,274.41,3133300,274.409,11010
755,2019-02-07,272.58,273.18,269.93,271.83,5850900,271.335,33837
756,2019-02-08,270.35,272.15,269.47,272.13,2425200,270.633,12318
757,2019-02-11,272.89,273.15,271.7,272.28,2477200,272.3135,12418
758,2019-02-12,274.06,276.2,274.0,275.82,3749700,275.4445,16517
759,2019-02-13,276.72,277.62,276.25,276.66,2523500,277.002,12146
760,2019-02-14,275.44,277.31,274.54,276.03,5638900,276.0755,30550
761,2019-02-15,278.01,279.16,277.82,279.16,3956300,278.4355,24167
762,2019-02-19,278.21,280.3,278.18,279.55,3100000,279.5305,15949
763,2019-02-20,279.55,280.63,278.99,280.09,3924100,279.861,21542
764,2019-02-21,279.45,279.79,278.04,279.21,2673200,278.982,16099
765,2019-02-22,279.86,281.08,279.54,280.82,2752300,280.409,16807
766,2019-02-25,282.46,283.06,281.15,281.26,3658000,282.069,20386
767,2019-02-26,280.81,282.02,280.65,281.05,3651200,281.294,19260
768,2019-02-27,280.28,281.31,279.2,280.91,2811200,280.475,14668
769,2019-02-28,280.66,281.18,280.06,280.32,2787400,280.5795,12985
770,2019-03-01,282.2,282.62,280.56,282.31,3303500,281.776,20678
771,2019-03-04,283.37,283.57,278.55,281.16,4307500,280.7435,24010
772,2019-03-05,281.28,281.49,280.14,280.8,2176400,280.9805,10790
773,2019-03-06,280.87,280.88,278.68,279.01,3081800,279.744,14066
774,2019-03-07,278.53,278.66,275.74,276.76,3583300,276.941,21389
775,2019-03-08,274.58,276.33,274.1,276.2,4064000,274.906,24487
776,2019-03-11,276.96,280.35,276.94,280.21,2700200,279.2245,11951
777,2019-03-12,280.79,281.8,280.62,281.2,1696600,281.2665,8565
778,2019-03-13,282.23,284.13,282.04,283.15,2368600,283.3295,10588
779,2019-03-14,283.14,283.6,282.43,283.01,2007200,283.038,9214
780,2019-03-15,283.56,285.21,283.33,284.28,2486700,284.348,13174
781,2019-03-18,284.57,285.67,284.33,285.41,3299700,285.0675,14183
782,2019-03-19,286.51,287.4,284.44,285.54,4212600,286.128,21184
783,2019-03-20,284.06,285.38,282.19,283.39,3728900,283.7055,19017
784,2019-03-21,282.51,287.07,282.49,286.57,2758600,285.493,12721
785,2019-03-22,285.12,285.71,281.07,281.16,5548800,282.9905,31047
786,2019-03-25,280.77,282.08,279.53,280.91,4240300,280.7695,22440
787,2019-03-26,282.87,284.09,281.45,282.96,3303600,282.83,17446
788,2019-03-27,283.02,283.66,279.83,281.58,2849100,281.707,14317
789,2019-03-28,282.25,283.1,280.96,282.69,1879200,282.144,10057
790,2019-03-29,284.32,284.74,283.03,284.56,2871300,284.0005,16480
791,2019-04-01,286.64,288.08,286.35,287.85,2872800,287.2125,13310
792,2019-04-02,287.97,288.16,287.04,287.92,2109200,287.7565,11907
793,2019-04-03,289.25,289.7,287.67,288.44,2845700,288.8865,14450
794,2019-04-04,288.74,289.39,287.95,289.13,2937400,288.783,17384
795,2019-04-05,289.86,290.56,289.54,290.45,1929100,290.209,9596
796,2019-04-08,290.03,290.85,289.31,290.77,2135700,290.129,11609
797,2019-04-09,289.73,290.03,288.66,289.27,3479300,289.32,17038
798,2019-04-10,289.72,290.34,289.27,290.22,2398400,289.7605,12462
799,2019-04-11,290.77,290.78,289.53,290.2,2214600,290.111,11888
800,2019-04-12,291.97,292.44,291.21,292.16,2146900,291.925,10511
801,2019-04-15,292.24,292.31,291.04,291.92,2576300,291.6375,13332
802,2019-04-16,292.92,292.98,291.46,292.14,3078300,292.368,14759
803,2019-04-17,293.38,293.39,290.94,291.37,3407100,291.696,19357
804,2019-04-18,292.09,292.28,290.62,292.0,3777700,291.7045,15721
805,2019-04-22,291.13,292.4,291.04,292.3,2333900,291.8305,10914
806,2019-04-23,292.65,295.11,292.4,294.84,3965700,294.4215,21626
807,2019-04-24,294.75,295.14,294.06,294.22,1944400,294.634,9937
808,2019-04-25,294.13,294.76,292.68,294.04,1515300,294.167,7248
809,2019-04-26,294.11,295.5,293.21,295.47,1742900,294.4035,9654
810,2019-04-29,295.51,296.46,295.4,295.79,1907300,295.9435,9771
811,2019-04-30,295.49,296.33,293.9,295.94,3416300,295.2795,17333
812,2019-05-01,296.73,296.93,293.77,293.8,2507800,295.7635,12104
813,2019-05-02,293.64,294.68,291.49,293.26,2841800,293.166,13897
814,2019-05-03,294.79,296.33,294.57,296.01,2468100,295.7295,11416
815,2019-05-06,291.22,295.28,290.88,294.9,2355800,293.437,11717
816,2019-05-07,292.13,292.79,287.75,289.91,4246800,290.1065,22662
817,2019-05-08,289.55,291.38,288.82,289.52,4845100,290.1455,25420
818,2019-05-09,287.18,289.24,285.23,288.72,3664100,287.3455,20804
819,2019-05-10,287.6,290.91,284.21,290.0,3754200,287.443,22092
820,2019-05-13,284.31,285.4,281.84,282.8,4915300,283.1765,28468
821,2019-05-14,283.91,287.03,283.75,285.32,2547200,285.5845,13120
822,2019-05-15,283.48,287.7,283.25,287.03,2551200,286.088,13896
823,2019-05-16,287.77,291.17,287.71,289.56,2959100,289.862,15637
824,2019-05-17,287.09,290.54,287.08,287.9,3164300,288.608,15056
825,2019-05-20,286.05,287.37,285.05,285.98,2051000,286.159,11295
826,2019-05-21,287.77,288.86,287.49,288.48,1627200,288.2655,9320
827,2019-05-22,287.35,288.6,287.05,287.65,2473200,287.761,13877
828,2019-05-23,285.11,285.11,282.47,284.06,3502400,283.65,21016
829,2019-05-24,285.66,286.12,284.01,284.76,1445200,284.9755,7691
830,2019-05-28,285.02,286.08,282.08,282.08,2073000,284.477,10831
831,2019-05-29,280.78,281.2,278.56,280.24,4298300,279.85,27011
832,2019-05-30,280.96,281.92,279.68,280.87,3228900,280.819,19693
833,2019-05-31,278.06,278.96,277.11,277.3,4062900,277.849,16315
834,2019-06-03,277.15,278.39,274.9,276.38,4358800,276.4975,23085
835,2019-06-04,278.97,282.58,278.47,282.44,3000600,280.7375,13781
836,2019-06-05,284.25,284.9,282.21,284.86,3543000,283.82,14903
837,2019-06-06,285.21,287.5,284.49,286.76,3531800,285.825,19515
838,2019-06-07,287.9,290.83,287.7,289.67,2195900,289.7715,12659
839,2019-06-10,291.36,292.81,290.87,291.0,3021800,291.694,14016
840,2019-06-11,293.0,293.42,290.18,290.95,2142700,291.4305,10500
841,2019-06-12,290.66,291.25,289.83,290.29,1869600,290.3805,9630
842,2019-06-13,291.4,291.97,290.62,291.62,1882300,291.271,6357
843,2019-06-14,291.31,291.93,290.4,291.25,1636800,290.9815,7373
844,2019-06-17,289.75,290.45,289.41,289.74,1691100,289.9845,8389
845,2019-06-18,291.63,293.8,291.25,292.45,3249700,292.721,15065
846,2019-06-19,292.79,293.89,291.78,293.24,4292100,292.9595,21107
847,2019-06-20,296.32,296.57,293.87,296.02,2970500,295.6595,14171
848,2019-06-21,295.83,297.2,295.47,295.57,2315700,296.109,10946
849,2019-06-24,295.91,296.27,295.15,295.27,2756500,295.707,12431
850,2019-06-25,295.35,295.41,292.3,292.41,2142900,293.7495,9130
851,2019-06-26,293.42,293.99,292.02,292.08,2194500,292.833,10820
852,2019-06-27,292.99,293.73,292.61,293.28,2070900,293.3365,10138
853,2019-06-28,294.28,295.21,293.71,294.75,3591200,294.274,18102
854,2019-07-01,298.37,298.88,296.02,297.32,3016000,297.1825,15911
855,2019-07-02,297.29,298.23,296.37,298.23,2928900,297.298,14692
856,2019-07-03,298.89,300.52,298.74,300.48,1512300,299.6885,6349
857,2019-07-05,299.18,300.36,297.74,300.1,1586400,299.3925,8280
858,2019-07-08,298.71,299.05,297.74,298.55,2196300,298.471,9981
859,2019-07-09,297.23,299.26,297.19,299.03,1205500,298.4095,5219
860,2019-07-10,300.13,301.39,299.5,300.4,1759300,300.3885,8766
861,2019-07-11,301.05,301.32,299.93,300.93,3631700,300.6915,16143
862,2019-07-12,301.61,302.49,301.26,302.49,2960100,301.818,15606
863,2019-07-15,302.86,302.89,301.96,302.46,3476200,302.2815,16314
864,2019-07-16,302.41,302.6,301.19,301.44,1750300,301.9285,6851
865,2019-07-17,301.47,301.64,299.48,299.48,1650300,300.534,9278
866,2019-07-18,298.89,300.96,298.42,300.65,3050200,299.807,15219
867,2019-07-19,301.78,301.82,298.69,298.9,2557800,300.3865,15884
868,2019-07-22,299.33,300.21,298.77,299.58,1829900,299.501,9824
869,2019-07-23,300.91,301.76,299.96,301.72,1707200,300.992,7535
870,2019-07-24,300.94,303.17,300.83,303.17,1777000,302.1385,8953
871,2019-07-25,302.71,302.74,300.83,301.71,3002200,301.745,10200
872,2019-07-26,302.5,303.98,302.4,303.77,1915600,303.371,8561
873,2019-07-29,303.63,303.68,302.58,303.22,1693600,303.232,8800
874,2019-07-30,301.65,302.9,301.22,302.48,3070600,302.3145,18216
875,2019-07-31,302.76,302.94,296.89,299.23,5106400,300.7685,25844
876,2019-08-01,299.32,302.6,295.66,296.52,7602800,298.8145,47364
877,2019-08-02,295.52,295.81,292.59,294.42,6030700,294.067,32398
878,2019-08-05,289.75,289.85,283.34,285.57,4906900,287.153,24276
879,2019-08-06,287.54,289.69,285.93,289.38,4095900,287.8915,21683
880,2019-08-07,286.02,290.46,283.66,289.66,4128400,287.304,24923
881,2019-08-08,291.26,295.28,290.68,295.28,3431600,293.7195,17085
882,2019-08-09,294.25,294.95,291.32,293.36,3024400,293.354,15973
883,2019-08-12,291.58,292.21,288.69,289.81,1720600,290.534,9851
884,2019-08-13,289.37,295.84,289.0,294.28,2694200,293.9495,13895
885,2019-08-14,289.7,290.41,285.4,285.6,4273100,287.348,25686
886,2019-08-15,286.52,287.24,284.02,286.34,4443100,286.203,22538
887,2019-08-16,288.11,291.01,288.08,290.58,2473500,290.1525,12983
888,2019-08-19,293.94,294.77,293.14,294.07,2193200,294.1215,9893
889,2019-08-20,293.49,294.02,291.61,291.79,2247100,292.7345,12121
890,2019-08-21,294.15,294.57,293.43,294.18,2220100,294.0675,10519
891,2019-08-22,294.95,295.64,292.1,294.07,2457400,294.142,13809
892,2019-08-23,292.63,294.45,285.1,286.47,4933200,289.9495,30199
893,2019-08-26,288.91,289.66,287.24,289.66,2127500,288.612,12574
894,2019-08-27,291.21,291.61,287.69,288.55,2562000,289.303,15234
895,2019-08-28,287.75,290.71,286.89,290.5,3219100,289.7165,16894
896,2019-08-29,293.41,294.84,292.3,294.28,2664800,294.106,13813
897,2019-08-30,295.96,295.96,293.12,294.27,2606500,294.3995,15988
898,2019-09-03,292.27,293.29,290.95,292.41,2803200,292.14,16680
899,2019-09-04,294.86,295.77,294.05,295.76,2337600,294.888,7500
900,2019-09-05,298.54,300.6,298.4,299.63,2861800,299.4675,12082
901,2019-09-06,299.94,300.51,299.2,299.83,2329200,300.06,10162
902,2019-09-09,300.93,300.98,298.91,299.97,2498200,299.877,10217
903,2019-09-10,299.08,299.95,297.71,299.95,2016100,298.5785,11685
904,2019-09-11,300.25,302.12,299.54,302.12,1849900,301.017,7447
905,2019-09-12,303.02,304.25,302.22,303.08,2943700,303.353,14901
906,2019-09-13,303.56,303.96,302.44,302.87,2976900,303.1135,19747
907,2019-09-16,301.57,302.4,301.2,301.98,1741300,301.8365,9198
908,2019-09-17,301.68,302.78,301.54,302.71,2679500,302.0115,16528
909,2019-09-18,302.29,303.0,300.01,302.93,2254300,301.566,13645
910,2019-09-19,303.33,304.4,302.49,302.89,3588400,303.6375,23318
911,2019-09-20,303.56,303.84,300.6,301.22,3745300,302.711,20172
912,2019-09-23,300.69,302.12,300.44,301.38,3434300,301.4465,20765
913,2019-09-24,301.07,301.53,296.47,297.51,4770900,298.776,26036
914,2019-09-25,297.57,299.76,295.97,299.19,2667000,298.222,15929
915,2019-09-26,299.28,299.5,297.1,298.59,2243500,298.474,13340
916,2019-09-27,299.53,299.6,295.34,297.0,2380800,297.39,14565
917,2019-09-30,297.61,299.19,297.56,298.52,2288800,298.5915,12995
918,2019-10-01,299.38,300.12,294.63,294.91,3685100,296.3745,18967
919,2019-10-02,293.15,293.15,288.24,289.63,4388700,290.041,24262
920,2019-10-03,289.41,292.04,286.42,292.04,3335000,289.9315,20763
921,2019-10-04,292.79,296.27,292.75,296.02,3221600,294.368,14179
922,2019-10-07,295.1,296.92,294.42,294.69,2055500,295.6205,8664
923,2019-10-08,292.66,293.45,290.11,290.13,2568300,291.6205,15294
924,2019-10-09,292.37,293.91,291.7,292.88,2557500,292.95,10970
925,2019-10-10,292.81,295.86,292.62,294.95,2093300,294.6975,11789
926,2019-10-11,297.95,300.39,297.81,297.89,3235100,299.3055,16923
927,2019-10-14,297.58,298.28,297.24,297.69,1047500,297.8315,5397
928,2019-10-15,298.73,301.37,298.65,300.62,2376400,300.6415,11145
929,2019-10-16,300.03,300.82,299.59,300.07,2640700,300.006,7593
930,2019-10-17,301.35,301.92,300.2,300.91,1607300,301.135,7531
931,2019-10-18,300.36,301.06,298.65,299.6,1869800,299.983,7416
932,2019-10-21,301.09,301.87,300.67,301.75,1119800,301.3675,5522
933,2019-10-22,302.3,302.57,300.57,300.7,2590900,301.966,12524
934,2019-10-23,300.39,301.63,300.19,301.57,1413400,300.946,7806
935,2019-10-24,302.57,302.75,301.15,302.11,1471200,301.951,5918
936,2019-10-25,301.45,303.9,301.42,303.31,1864200,303.2,8157
937,2019-10-28,304.63,305.56,304.55,305.01,3978700,305.163,15074
938,2019-10-29,304.73,305.94,304.56,304.91,2519000,305.248,11406
939,2019-10-30,305.13,306.22,303.69,305.87,3220000,304.9895,15848
940,2019-10-31,305.83,305.83,303.45,304.97,3482400,304.4855,11436
941,2019-11-01,306.65,307.95,306.47,307.95,1893100,307.3575,8290
942,2019-11-04,309.63,309.76,308.71,309.11,2082000,309.2105,9168
943,2019-11-05,309.31,309.65,308.43,308.74,2918300,308.9215,15444
944,2019-11-06,308.76,309.14,307.77,308.88,2009500,308.5555,9378
945,2019-11-07,310.32,311.18,309.41,309.98,2164700,310.5155,8200
946,2019-11-08,309.53,310.69,308.78,310.67,1526100,309.9585,7697
947,2019-11-11,309.2,310.28,309.0,310.16,1788500,309.9655,5730
948,2019-11-12,310.5,311.75,309.89,310.69,2042600,310.9855,10242
949,2019-11-13,309.62,311.29,309.4,310.86,1811200,310.614,7242
950,2019-11-14,310.53,311.38,309.84,311.3,1799000,310.801,7634
951,2019-11-15,312.77,313.61,312.02,313.61,2804600,312.634,8691
952,2019-11-18,313.3,314.06,312.81,313.75,1494300,313.5915,6358
953,2019-11-19,314.47,314.47,312.98,313.68,3277600,313.7435,9081
954,2019-11-20,313.06,313.59,310.8,312.52,2938700,312.5085,14783
955,2019-11-21,312.66,312.74,311.17,312.07,1690300,312.0175,7610
956,2019-11-22,312.86,312.97,311.62,312.74,1712500,312.514,7569
957,2019-11-25,313.75,315.14,313.75,315.1,2814000,314.722,12981
958,2019-11-26,315.23,316.04,314.84,315.73,2351600,315.608,9954
959,2019-11-27,316.47,317.28,316.15,317.25,1579000,316.711,5606
960,2019-11-29,316.69,316.93,315.85,316.06,1093800,316.38,5362
961,2019-12-02,316.43,316.45,312.94,313.41,2204900,314.0465,9858
962,2019-12-03,310.39,311.41,308.87,311.25,1809300,310.211,8234
963,2019-12-04,312.45,313.88,312.11,313.18,1604800,313.3415,7123
964,2019-12-05,314.01,314.01,312.35,313.84,2002900,313.293,8615
965,2019-12-06,315.93,317.14,315.88,316.64,3735600,316.5865,10990
966,2019-12-09,316.2,317.0,315.62,315.7,2313900,316.437,9348
967,2019-12-10,315.65,316.32,314.61,315.37,3077300,315.5755,10615
968,2019-12-11,315.84,316.52,315.4,316.17,2817300,316.0545,10769
969,2019-12-12,316.23,319.81,315.97,318.97,3603900,318.347,15698
970,2019-12-13,318.66,320.52,317.84,319.08,2811300,319.0985,14166
971,2019-12-16,319.0,319.98,318.99,319.32,2274900,319.587,11863
972,2019-12-17,319.69,320.07,319.29,319.35,1901000,319.6235,8377
973,2019-12-18,319.83,320.06,319.37,319.37,2255100,319.733,9680
974,2019-12-19,319.6,320.81,319.56,320.74,2890000,320.319,10865
975,2019-12-20,321.9,322.83,321.81,322.38,3521000,322.417,15628
976,2019-12-23,322.97,323.05,322.45,322.61,3075900,322.762,9664
977,2019-12-24,322.87,322.93,322.3,322.65,1676100,322.529,4571
978,2019-12-26,323.06,324.33,323.02,324.32,2534400,323.565,7130
979,2019-12-27,325.19,325.19,323.71,324.26,3712100,324.4675,16130
980,2019-12-30,324.36,324.49,321.96,322.51,2480200,322.7455,11437
981,2019-12-31,321.96,323.56,321.56,323.24,1907300,322.531,8168
982,2020-01-02,324.98,326.32,323.95,326.32,3136700,324.921,11531
983,2020-01-03,322.54,325.06,322.51,323.81,2344200,324.2555,9950
984,2020-01-06,321.89,325.14,321.78,325.09,2195500,323.8195,9133
985,2020-01-07,324.46,324.97,323.65,324.2,2292400,324.3935,12585
986,2020-01-08,324.38,327.21,324.11,325.85,3197400,325.853,14397
987,2020-01-09,327.59,328.17,326.94,328.05,2458600,327.684,9328
988,2020-01-10,328.76,328.9,326.62,327.14,1859500,327.952,7231
989,2020-01-13,327.84,329.43,327.36,329.43,2774700,328.6405,10440
990,2020-01-14,328.9,330.07,328.11,328.92,2902000,329.123,12011
991,2020-01-15,328.8,330.49,328.71,329.66,3040300,329.7735,10386
992,2020-01-16,331.17,332.4,330.92,332.4,2602600,331.4905,11695
993,2020-01-17,333.18,333.65,332.54,333.5,2763900,333.118,11333
994,2020-01-21,332.38,333.65,332.31,332.78,4313200,332.906,15678
995,2020-01-22,333.75,334.44,332.68,332.85,3253000,333.722,11985
996,2020-01-23,332.12,333.41,330.87,333.26,5799600,332.3245,26117
997,2020-01-24,333.94,334.01,328.83,330.23,3841200,331.021,18230
998,2020-01-27,324.46,326.56,324.09,324.87,3824300,325.624,17895
999,2020-01-28,326.53,329.3,326.0,328.33,3736800,328.3985,20302
1000,2020-01-29,329.87,330.08,327.91,328.1,2553800,329.199,10982
1001,2020-01-30,325.82,329.36,324.96,329.09,2790800,326.8315,12569
1002,2020-01-31,328.46,328.62,322.18,323.24,4519200,324.4875,21087
1003,2020-02-03,324.8,327.62,324.73,325.56,2582300,326.1955,10295
1004,2020-02-04,329.55,331.49,329.22,330.61,2811000,330.636,11820
1005,2020-02-05,333.78,334.58,332.19,334.29,2670200,333.4655,13748
1006,2020-02-06,335.57,335.68,334.29,335.57,3017000,335.1935,14662
1007,2020-02-07,334.33,335.13,333.12,333.75,4015100,334.14,18416
1008,2020-02-10,332.71,336.24,332.71,336.22,1992800,334.9085,9255
1009,2020-02-11,337.71,338.54,336.25,336.84,2569300,337.372,13016
1010,2020-02-12,338.39,339.19,337.98,339.0,3674100,338.672,14288
1011,2020-02-13,337.46,339.68,337.1,338.58,3437900,338.6675,13009
1012,2020-02-14,339.01,339.26,337.74,339.07,2639200,338.672,13263
1013,2020-02-18,338.09,338.7,336.75,338.26,2547100,337.948,8163
1014,2020-02-19,339.33,340.64,339.02,339.88,1705700,340.078,8053
1015,2020-02-20,339.33,340.2,335.23,338.49,2923600,337.9395,12431
1016,2020-02-21,337.0,337.32,334.1,335.01,2781500,335.243,10950
1017,2020-02-24,324.57,327.28,322.7,323.83,5569500,325.0765,26843
1018,2020-02-25,325.38,326.06,313.08,314.12,7764900,318.066,36639
1019,2020-02-26,315.58,319.5,312.07,312.91,8721900,315.427,41614
1020,2020-02-27,306.77,311.03,298.71,298.71,8594800,305.34,37856
1021,2020-02-28,289.94,297.79,286.7,295.91,14463400,291.6845,58649
1022,2020-03-02,299.46,310.5,295.65,310.4,8182700,302.076,32373
1023,2020-03-03,310.87,315.15,298.88,301.5,8754000,307.1595,36219
1024,2020-03-04,307.45,314.75,304.71,314.75,5332400,310.198,23269
1025,2020-03-05,306.37,309.81,301.31,303.76,5109200,304.5505,20932
1026,2020-03-06,294.42,300.04,291.42,298.7,7772600,295.4915,37054
1027,2020-03-09,277.2,285.29,274.58,274.8,11227800,279.338,42867
1028,2020-03-10,285.69,289.74,274.61,289.55,11238900,282.2825,40242
1029,2020-03-11,281.88,283.03,271.99,275.47,7789800,277.8535,33751
1030,2020-03-12,256.66,267.78,248.56,248.96,17924500,254.922,64281
1031,2020-03-13,264.74,272.07,250.52,271.55,20111400,258.6405,93109
1032,2020-03-16,242.47,257.82,238.45,240.12,14172500,247.411,57686
1033,2020-03-17,245.71,257.0,237.82,255.39,14464500,249.5785,54490
1034,2020-03-18,237.25,246.89,228.78,241.17,17455800,236.598,67408
1035,2020-03-19,239.32,248.25,232.94,242.06,15217300,242.7005,66891
1036,2020-03-20,244.79,246.71,230.7,231.16,9443900,238.343,38679
1037,2020-03-23,230.17,231.46,220.27,224.65,11431000,225.4605,43302
1038,2020-03-24,236.99,246.35,235.97,245.88,10086200,241.4905,43242
1039,2020-03-25,245.57,257.2,240.49,247.47,9267100,250.631,39305
1040,2020-03-26,250.25,263.63,249.9,262.37,12538600,258.126,54089
1041,2020-03-27,254.08,261.63,251.78,254.24,7674500,255.694,36626
1042,2020-03-30,256.49,263.2,254.37,262.36,7226800,260.09,29403
1043,2020-03-31,261.36,264.1,257.0,258.4,7182400,260.1075,35762
1044,2020-04-01,248.72,252.22,244.62,246.8,6582900,248.1595,27822
1045,2020-04-02,245.91,253.47,245.44,252.59,5882200,249.7435,25175
1046,2020-04-03,251.49,254.05,246.0,249.02,5058400,249.121,24381
1047,2020-04-06,258.62,267.81,257.54,265.8,6719700,263.062,28037
1048,2020-04-07,275.08,276.0,265.7,265.91,9577500,271.4735,39646
1049,2020-04-08,268.75,276.25,266.4,275.0,4584600,272.3655,20115
1050,2020-04-09,278.65,282.08,276.35,279.12,7443900,279.5085,32347
1051,2020-04-13,277.98,278.31,272.28,276.44,6506100,274.8605,22065
1052,2020-04-14,281.87,285.8,280.8,284.83,6445600,283.815,28183
1053,2020-04-15,278.47,280.47,276.31,278.57,4629000,278.2655,17364
1054,2020-04-16,280.02,280.9,276.62,280.05,4913100,278.967,18972
1055,2020-04-17,286.28,288.22,283.31,287.58,5905600,285.37,25363
1056,2020-04-20,283.51,287.21,282.26,282.46,4614700,284.8395,18160
1057,2020-04-21,277.61,278.91,272.92,273.86,6379400,275.192,26205
1058,2020-04-22,279.19,281.93,277.8,280.06,5843900,279.8755,32874
1059,2020-04-23,281.35,284.81,279.67,279.98,5226700,281.965,28942
1060,2020-04-24,281.67,284.58,279.39,283.9,3489700,281.7835,18303
1061,2020-04-27,286.03,289.2,285.55,288.19,4388600,287.7635,20433
1062,2020-04-28,291.99,292.36,286.35,286.64,5532600,288.7995,30223
1063,2020-04-29,292.5,295.84,291.38,294.13,5488300,294.015,25135
1064,2020-04-30,292.66,293.18,289.54,291.16,7458100,291.4925,42668
1065,2020-05-01,286.19,286.93,282.44,283.53,4765700,284.1195,23905
1066,2020-05-04,281.55,284.86,280.1,284.63,3995900,282.6235,20705
1067,2020-05-05,287.53,290.2,286.67,287.14,3876300,288.9595,16820
1068,2020-05-06,289.02,289.39,285.06,285.25,2730100,287.328,12983
1069,2020-05-07,288.7,290.7,288.09,288.63,2776100,289.21,14009
1070,2020-05-08,292.06,293.87,290.8,293.46,3146600,292.548,13825
1071,2020-05-11,291.25,294.99,290.87,293.45,4779300,293.341,15291
1072,2020-05-12,294.73,295.17,287.46,287.47,3419600,292.0635,14160
1073,2020-05-13,286.99,288.12,279.87,282.54,5791600,283.3605,29211
1074,2020-05-14,279.82,286.02,275.0,285.92,5500800,281.877,23821
1075,2020-05-15,283.32,287.23,282.25,287.16,3990000,285.2995,19342
1076,2020-05-18,294.0,297.7,293.69,296.04,4702300,295.8185,26251
1077,2020-05-19,295.34,297.17,292.92,292.99,4588300,295.7545,23595
1078,2020-05-20,296.81,298.87,296.6,297.99,3226900,297.8125,13688
1079,2020-05-21,297.76,298.66,294.69,295.81,2773900,296.434,15543
1080,2020-05-22,295.56,296.62,294.21,296.41,2742400,295.4275,13407
1081,2020-05-26,302.97,303.2,299.71,300.17,5342400,301.6685,26783
1082,2020-05-27,303.16,304.61,297.9,304.55,4888800,301.6525,22938
1083,2020-05-28,305.82,307.91,303.3,303.95,4086200,305.8675,17919
1084,2020-05-29,303.47,305.99,300.84,305.18,4946800,303.7475,22403
1085,2020-06-01,304.64,307.25,304.1,306.68,4498500,306.2185,20036
1086,2020-06-02,307.61,309.23,306.17,309.23,2553900,307.693,10623
1087,2020-06-03,311.33,314.32,311.02,313.39,3718800,312.782,15094
1088,2020-06-04,312.18,314.12,310.17,312.34,3931600,312.3765,14988
1089,2020-06-05,318.36,322.45,318.32,320.48,5684700,320.1155,20904
1090,2020-06-08,321.41,324.55,320.81,324.4,3128800,322.3965,11021
1091,2020-06-09,321.47,323.54,320.52,322.01,3243200,322.0825,13891
1092,2020-06-10,322.6,323.56,319.4,320.11,5200500,321.426,26755
1093,2020-06-11,312.56,313.1,301.08,301.59,6071000,305.8905,29340
1094,2020-06-12,309.28,310.14,299.62,305.36,5775900,304.941,30306
1095,2020-06-15,297.76,308.05,296.49,306.89,4217800,302.873,17748
1096,2020-06-16,315.35,315.5,307.51,312.79,3965300,312.992,20574
1097,2020-06-17,313.91,314.2,310.69,311.38,2524500,312.6525,12366
1098,2020-06-18,309.82,312.13,309.36,311.62,2777600,310.976,12918
1099,2020-06-19,315.33,315.6,308.38,309.72,2874000,311.5145,13176
1100,2020-06-22,309.19,312.24,307.95,311.94,3338800,311.021,16435
1101,2020-06-23,314.73,315.75,312.86,313.21,2792500,314.533,12455
1102,2020-06-24,311.05,311.73,303.36,305.3,3872400,306.3195,22377
1103,2020-06-25,304.66,308.83,302.44,308.5,3646000,305.8735,20297
1104,2020-06-26,307.35,307.56,300.62,301.14,3761800,302.989,21602
1105,2020-06-29,302.59,305.66,300.11,305.66,3072500,303.533,16787
1106,2020-06-30,305.18,311.41,305.05,309.69,3134100,308.5795,17716
1107,2020-07-01,310.74,313.09,310.25,311.81,2221900,311.8175,11139
1108,2020-07-02,315.49,316.91,312.72,313.45,2745700,314.6195,10882
1109,2020-07-06,317.63,318.65,316.8,318.26,3636800,317.604,21397
1110,2020-07-07,316.59,318.75,314.6,314.98,2126100,317.105,10303
1111,2020-07-08,315.83,317.54,313.94,317.33,2519900,316.257,12612
1112,2020-07-09,318.21,318.33,311.89,315.72,2360900,315.072,13174
1113,2020-07-10,315.48,319.14,314.0,318.9,2148300,317.1625,11888
1114,2020-07-13,321.35,323.97,315.38,316.07,4100000,320.206,20512
1115,2020-07-14,314.54,320.59,313.24,320.17,4436000,317.35,21509
1116,2020-07-15,323.7,324.32,320.53,323.16,3162700,322.689,18099
1117,2020-07-16,321.06,322.5,320.35,322.04,1627800,321.3195,8216
1118,2020-07-17,323.15,323.85,321.01,322.99,1782200,322.77,7348
1119,2020-07-20,322.69,326.36,321.9,325.66,1820900,324.452,7807
1120,2020-07-21,327.72,328.22,325.26,326.25,2335900,327.243,11006
1121,2020-07-22,325.91,330.06,325.79,328.17,2447900,327.0175,10768
1122,2020-07-23,327.76,328.52,322.75,324.2,2314500,325.611,11644
1123,2020-07-24,322.2,323.27,320.55,322.13,2266400,321.967,13444
1124,2020-07-27,322.89,324.69,322.05,324.5,1939300,323.864,9837
1125,2020-07-28,323.67,324.93,322.14,322.5,1991800,323.689,10661
1126,2020-07-29,323.41,327.02,323.36,326.38,1876400,325.318,7368
1127,2020-07-30,323.18,325.71,320.9,325.26,2489300,324.0835,13348
1128,2020-07-31,327.21,327.88,322.63,327.82,3564100,325.201,17224
1129,2020-08-03,329.66,330.93,329.06,330.11,2248900,330.1845,10462
1130,2020-08-04,329.19,331.4,329.19,331.3,2594400,330.414,16709
1131,2020-08-05,332.81,333.7,332.52,333.45,1766900,333.214,8632
1132,2020-08-06,332.85,335.81,332.48,335.71,2345700,334.5265,12512
1133,2020-08-07,334.6,336.18,333.65,335.95,2090100,335.056,13201
1134,2020-08-10,336.42,337.15,334.33,336.96,1572800,336.403,8064
1135,2020-08-11,338.24,338.88,333.38,334.14,2778200,337.0555,14262
1136,2020-08-12,336.85,339.65,336.79,338.8,2022200,338.6275,11849
1137,2020-08-13,337.96,339.62,337.18,338.22,1576600,338.756,7222
1138,2020-08-14,337.76,338.79,337.05,338.19,1246300,338.0005,6136
1139,2020-08-17,339.29,339.72,338.87,339.28,1239400,339.294,5545
1140,2020-08-18,339.72,340.46,337.98,340.0,1231700,339.751,6042
1141,2020-08-19,340.4,341.0,338.02,338.62,1531500,340.0775,6461
1142,2020-08-20,336.7,340.16,336.59,339.66,1393500,338.913,6969
1143,2020-08-21,339.3,341.05,338.95,340.85,1562300,340.092,7463
1144,2020-08-24,343.52,344.42,342.45,344.35,1467700,343.263,6211
1145,2020-08-25,344.96,345.6,343.71,345.49,3167700,344.722,14466
1146,2020-08-26,346.15,349.27,345.58,349.0,2754800,347.696,12404
1147,2020-08-27,349.94,351.32,347.98,349.76,2488000,350.1755,11658
1148,2020-08-28,350.89,352.19,349.66,352.0,1873000,351.0055,11398
1149,2020-08-31,351.81,352.77,350.53,350.77,2455400,351.8195,12309
1150,2020-09-01,351.68,354.17,350.7,354.06,2761700,352.4495,15550
1151,2020-09-02,356.18,360.26,354.93,359.24,2770200,357.154,14746
1152,2020-09-03,357.38,357.88,344.02,346.82,5682300,349.1115,25976
1153,2020-09-04,347.58,349.29,336.26,343.98,4396700,342.0885,22261
1154,2020-09-08,338.03,339.4,334.23,334.63,3455500,336.826,20404
1155,2020-09-09,338.96,343.89,337.98,341.18,4359900,341.1025,20816
1156,2020-09-10,343.26,343.91,334.21,335.22,3433000,338.9295,15694
1157,2020-09-11,337.12,338.27,332.35,335.38,2799600,335.3505,17185
1158,2020-09-14,338.86,341.66,338.32,339.84,1927800,340.326,10937
1159,2020-09-15,342.52,343.42,340.41,341.57,1516300,342.3505,8212
1160,2020-09-16,342.98,344.47,339.95,340.21,1849200,342.3765,10589
1161,2020-09-17,334.92,339.01,334.34,337.29,2395900,336.355,11907
1162,2020-09-18,338.17,338.21,330.64,333.34,2444900,334.597,15324
1163,2020-09-21,328.42,329.74,324.35,329.63,4456900,326.8005,26872
1164,2020-09-22,331.23,333.57,328.5,332.97,2302900,331.3295,13588
1165,2020-09-23,332.07,332.38,323.22,323.75,3249300,327.4545,18180
1166,2020-09-24,322.32,327.9,320.92,324.6,3381700,324.635,18308
1167,2020-09-25,323.74,330.71,322.75,329.88,3051300,326.276,17571
1168,2020-09-28,334.38,336.1,333.31,335.36,2387800,335.165,10804
1169,2020-09-29,335.16,335.9,332.78,333.51,1866400,334.2415,10301
1170,2020-09-30,334.34,339.47,334.1,336.06,3478500,336.7455,14371
1171,2020-10-01,338.81,339.87,336.18,338.24,2383000,338.0065,13587
1172,2020-10-02,332.82,337.09,332.38,335.05,3220200,335.625,20203
1173,2020-10-05,337.21,341.12,337.2,340.9,2185300,339.582,12191
1174,2020-10-06,341.1,343.35,335.56,336.06,2632500,339.627,14469
1175,2020-10-07,339.28,342.8,339.28,341.9,2121100,341.3025,12164
1176,2020-10-08,344.05,345.03,343.06,344.98,2687000,344.2685,10689
1177,2020-10-09,346.79,348.54,346.09,348.01,2382200,347.5815,11549
1178,2020-10-12,350.78,355.25,350.28,353.69,1628300,353.353,8961
1179,2020-10-13,353.51,353.6,350.33,351.39,1742000,352.2465,10533
1180,2020-10-14,351.95,353.09,348.37,349.19,1751400,350.338,9995
1181,2020-10-15,344.89,349.24,344.31,348.76,2345700,347.074,11546
1182,2020-10-16,350.27,351.97,348.34,348.45,1925000,350.2215,8482
1183,2020-10-19,349.88,350.52,342.29,343.22,2293700,346.175,11653
1184,2020-10-20,344.67,348.1,343.89,344.57,2142500,345.6805,13457
1185,2020-10-21,344.52,346.79,343.63,343.9,2640200,344.8215,12823
1186,2020-10-22,344.2,346.45,341.88,345.86,1886900,344.737,11345
1187,2020-10-23,347.15,347.19,344.36,346.96,1349300,345.984,8015
1188,2020-10-26,343.33,344.19,336.81,340.59,2750300,339.94,14618
1189,2020-10-27,340.93,341.3,339.16,339.43,3456000,340.255,18758
1190,2020-10-28,333.26,334.0,327.3,327.88,5388500,330.253,30520
1191,2020-10-29,328.07,334.54,326.26,331.15,3741700,331.056,20130
1192,2020-10-30,329.42,330.82,323.72,327.62,4731700,326.1985,26232
1193,2020-11-02,331.38,333.53,328.38,331.36,3507200,330.8105,21160
1194,2020-11-03,334.86,339.43,334.35,337.28,3891800,337.796,18769
1195,2020-11-04,342.13,349.19,340.74,344.73,5036300,345.812,28673
1196,2020-11-05,350.49,353.45,350.12,351.47,5014200,351.965,28471
1197,2020-11-06,351.14,352.76,348.95,351.44,2291800,351.1385,12681
1198,2020-11-09,365.29,365.69,355.34,355.83,6668500,361.834,41882
1199,2020-11-10,354.77,356.42,351.86,355.37,3200100,354.909,19629
1200,2020-11-11,357.66,358.86,356.42,357.93,1879900,357.7225,9373
1201,2020-11-12,356.85,357.69,352.54,354.52,2164600,355.136,10780
1202,2020-11-13,356.56,360.19,355.99,359.34,1763600,358.0275,8720
1203,2020-11-16,362.34,363.83,360.93,363.8,2229900,362.5005,10785
1204,2020-11-17,361.27,363.24,359.69,361.95,2163600,361.815,10692
1205,2020-11-18,362.21,362.82,357.54,357.59,2625100,361.5305,10992
1206,2020-11-19,356.85,359.5,355.49,359.04,2532600,357.781,13595
1207,2020-11-20,358.79,359.04,356.53,356.63,1631100,357.887,7684
1208,2020-11-23,358.65,360.05,356.17,358.77,2237100,358.4045,10620
1209,2020-11-24,361.52,365.1,360.59,364.51,2700700,363.518,14410
1210,2020-11-25,364.4,364.48,362.8,363.99,2636700,363.716,13563
1211,2020-11-27,365.16,365.52,363.97,364.98,1117900,364.916,4672
1212,2020-11-30,364.18,364.39,360.5,363.32,2450600,362.7435,11655
1213,2020-12-01,366.9,368.99,366.27,367.32,2984800,367.857,13887
1214,2020-12-02,366.16,368.27,365.55,368.1,3302000,367.23,17838
1215,2020-12-03,368.02,369.53,366.88,368.03,2072700,368.5445,10041
1216,2020-12-04,368.68,371.2,368.61,371.19,2497100,370.249,14310
1217,2020-12-07,370.43,370.99,369.12,370.5,2361700,370.1875,11823
1218,2020-12-08,369.07,372.16,369.06,371.53,2317200,370.9515,11025
1219,2020-12-09,372.28,372.42,367.32,368.28,2903200,369.719,12768
1220,2020-12-10,366.72,369.22,365.81,368.08,1940700,368.197,10649
1221,2020-12-11,366.24,367.93,364.61,367.62,3266700,366.541,17426
1222,2020-12-14,368.44,369.57,364.21,364.35,2953400,366.636,13541
1223,2020-12-15,367.14,369.33,365.69,369.31,1945400,367.987,10508
1224,2020-12-16,369.62,370.91,368.62,369.9,3815200,369.935,17527
1225,2020-12-17,371.69,372.2,370.82,371.96,2313600,371.605,10358
1226,2020-12-18,372.36,372.48,368.36,370.49,3965000,370.0315,19872
1227,2020-12-21,366.26,370.14,363.38,369.27,3394900,366.936,16419
1228,2020-12-22,369.51,369.67,367.42,368.56,2143700,368.8545,10323
1229,2020-12-23,369.63,370.96,368.7,368.88,2565500,370.2,12752
1230,2020-12-24,369.42,370.36,368.8,370.31,1240300,369.6805,5773
1231,2020-12-28,373.15,373.94,372.44,373.53,1580300,373.397,7738
1232,2020-12-29,375.15,375.4,372.2,372.81,3595800,373.3375,17145
1233,2020-12-30,373.7,374.44,372.95,373.3,2100000,373.6505,10444
1234,2020-12-31,373.2,376.04,372.6,375.39,3232500,373.936,16072
1235,2021-01-04,376.69,376.82,366.16,370.22,4595700,370.5475,22968
1236,2021-01-05,369.44,373.83,369.44,372.67,2840900,371.917,14861
1237,2021-01-06,371.06,378.37,370.46,374.92,2864700,375.7805,14003
1238,2021-01-07,377.47,381.26,377.28,380.47,4658300,379.895,19360
1239,2021-01-08,381.98,382.86,378.49,382.64,2466600,381.3355,13168
1240,2021-01-11,379.23,381.92,379.12,380.14,2520700,380.4315,13558
1241,2021-01-12,380.26,381.23,377.77,380.2,2658600,380.063,14474
1242,2021-01-13,380.07,382.24,379.24,381.16,2411700,381.2015,13974
1243,2021-01-14,381.96,382.53,379.43,379.84,4479500,381.237,14806
1244,2021-01-15,378.08,378.92,375.08,377.1,3229900,377.6285,14082
1245,2021-01-19,379.73,380.61,378.15,380.05,4399200,379.725,26739
1246,2021-01-20,382.52,386.19,382.11,385.28,2228300,384.8085,11106
1247,2021-01-21,385.89,386.38,384.67,385.62,2051300,385.704,11582
1248,2021-01-22,383.68,385.5,383.25,384.31,2252400,384.497,10447
1249,2021-01-25,385.12,386.18,379.88,385.84,2487000,384.201,14127
1250,2021-01-26,386.8,387.2,385.0,385.27,1554200,385.855,8160
1251,2021-01-27,381.63,381.7,373.43,375.87,3706800,377.8765,18749
1252,2021-01-28,377.78,383.34,377.3,379.05,4738000,381.5695,16200
1253,2021-01-29,377.06,378.01,369.65,371.52,3604600,373.4275,16837
1254,2021-02-01,375.17,378.75,372.7,377.6,3250300,376.1245,14155
1255,2021-02-02,381.03,384.64,380.97,382.96,2283600,383.64,11415
1256,2021-02-03,383.87,385.11,381.91,383.26,2176800,383.7115,9625
1257,2021-02-04,384.43,387.64,384.2,387.6,1161400,386.163,6416
